id_serie,titre,nb_pages,num_tome
110,Avengers,284,1
110,Avengers,45,2
110,Avengers,280,3
110,Avengers,124,4
110,Avengers,247,5
111,Avengers,258,1
111,Avengers,185,2
111,Avengers,260,3
111,Avengers,286,4
111,Avengers,73,5
111,Avengers,240,6
111,Avengers,131,7
111,Avengers,250,8
111,Avengers,40,9
111,Avengers,170,10
111,Avengers,120,11
111,Avengers,228,12
111,Avengers,186,13
112,Avengers,213,1
112,Avengers,240,2
112,Avengers,298,3
112,Avengers,290,4
112,Avengers,157,5
112,Avengers,157,6
113,Avengers,110,1
113,Avengers,264,2
113,Avengers,149,3
113,Avengers,136,4
113,Avengers,284,5
113,Avengers,201,6
114,Avengers,204,1
114,Avengers,184,2
114,Avengers,295,3
114,Avengers,163,4
114,Avengers,272,5
115,The Avengers,201,1
116,The Avengers,289,1
116,The Avengers,134,2
116,The Avengers,130,3
116,The Avengers,120,4
116,The Avengers,132,5
116,The Avengers,42,6
116,The Avengers,293,7
116,The Avengers,266,8
116,The Avengers,225,9
116,The Avengers,31,10
116,The Avengers,223,11
116,The Avengers,281,12
116,The Avengers,177,13
116,The Avengers,118,14
116,The Avengers,118,15
116,The Avengers,123,16
116,The Avengers,118,17
116,The Avengers,231,18
116,The Avengers,211,19
116,The Avengers,286,20
116,The Avengers,240,21
116,The Avengers,190,22
116,The Avengers,152,23
116,The Avengers,292,24
116,The Avengers,113,25
116,The Avengers,72,26
116,The Avengers,95,27
116,The Avengers,229,28
116,The Avengers,247,29
116,The Avengers,267,30
116,The Avengers,202,31
116,The Avengers,255,32
116,The Avengers,278,33
116,The Avengers,181,34
116,The Avengers,178,35
116,The Avengers,100,36
116,The Avengers,47,37
116,The Avengers,230,38
116,The Avengers,90,39
116,The Avengers,284,40
116,The Avengers,106,41
116,The Avengers,39,42
116,The Avengers,147,43
116,The Avengers,32,44
116,The Avengers,68,45
116,The Avengers,79,46
116,The Avengers,187,47
116,The Avengers,218,48
116,The Avengers,195,49
116,The Avengers,255,50
116,The Avengers,51,51
116,The Avengers,96,52
116,The Avengers,124,53
116,The Avengers,40,54
116,The Avengers,85,55
116,The Avengers,238,56
116,The Avengers,261,57
116,The Avengers,284,58
116,The Avengers,290,59
116,The Avengers,208,60
116,The Avengers,270,61
116,The Avengers,111,62
116,The Avengers,199,63
116,The Avengers,56,64
116,The Avengers,182,65
116,The Avengers,201,66
116,The Avengers,216,67
116,The Avengers,72,68
116,The Avengers,170,69
116,The Avengers,164,70
116,The Avengers,107,71
116,The Avengers,66,72
116,The Avengers,165,73
116,The Avengers,80,74
116,The Avengers,162,75
116,The Avengers,166,76
116,The Avengers,269,77
116,The Avengers,59,78
116,The Avengers,56,79
116,The Avengers,270,80
116,The Avengers,293,81
116,The Avengers,185,82
116,The Avengers,175,83
116,The Avengers,103,84
116,The Avengers,202,85
116,The Avengers,110,86
116,The Avengers,125,87
116,The Avengers,262,88
116,The Avengers,210,89
116,The Avengers,214,90
116,The Avengers,50,91
116,The Avengers,269,92
116,The Avengers,50,93
116,The Avengers,82,94
116,The Avengers,162,95
116,The Avengers,39,96
116,The Avengers,202,97
116,The Avengers,72,98
116,The Avengers,205,99
116,The Avengers,168,100
116,The Avengers,46,101
116,The Avengers,274,102
116,The Avengers,99,103
116,The Avengers,212,104
116,The Avengers,292,105
116,The Avengers,80,106
116,The Avengers,74,107
116,The Avengers,194,108
116,The Avengers,40,109
116,The Avengers,150,110
116,The Avengers,284,111
116,The Avengers,214,112
116,The Avengers,288,113
116,The Avengers,213,114
116,The Avengers,179,115
116,The Avengers,181,116
116,The Avengers,267,117
116,The Avengers,203,118
116,The Avengers,194,119
116,The Avengers,132,120
116,The Avengers,192,121
116,The Avengers,154,122
116,The Avengers,81,123
116,The Avengers,231,124
116,The Avengers,67,125
116,The Avengers,266,126
116,The Avengers,245,127
116,The Avengers,147,128
116,The Avengers,65,129
116,The Avengers,82,130
116,The Avengers,182,131
116,The Avengers,133,132
116,The Avengers,192,133
116,The Avengers,174,134
116,The Avengers,99,135
116,The Avengers,292,136
116,The Avengers,236,137
116,The Avengers,31,138
116,The Avengers,139,139
116,The Avengers,65,140
116,The Avengers,30,141
116,The Avengers,164,142
116,The Avengers,114,143
116,The Avengers,156,144
116,The Avengers,58,145
116,The Avengers,43,146
116,The Avengers,215,147
116,The Avengers,254,148
116,The Avengers,49,149
116,The Avengers,139,150
116,The Avengers,200,151
116,The Avengers,186,152
116,The Avengers,210,153
116,The Avengers,32,154
116,The Avengers,99,155
116,The Avengers,249,156
116,The Avengers,144,157
116,The Avengers,30,158
116,The Avengers,220,159
116,The Avengers,297,160
116,The Avengers,223,161
116,The Avengers,268,162
116,The Avengers,218,163
116,The Avengers,44,164
116,The Avengers,141,165
116,The Avengers,172,166
116,The Avengers,205,167
116,The Avengers,227,168
116,The Avengers,110,169
116,The Avengers,87,170
116,The Avengers,291,171
116,The Avengers,136,172
116,The Avengers,153,173
116,The Avengers,220,174
116,The Avengers,104,175
116,The Avengers,45,176
116,The Avengers,293,177
116,The Avengers,264,178
116,The Avengers,269,179
116,The Avengers,57,180
116,The Avengers,205,181
116,The Avengers,109,182
116,The Avengers,208,183
116,The Avengers,289,184
116,The Avengers,265,185
116,The Avengers,59,186
116,The Avengers,104,187
116,The Avengers,216,188
116,The Avengers,243,189
116,The Avengers,213,190
116,The Avengers,85,191
116,The Avengers,101,192
116,The Avengers,288,193
116,The Avengers,221,194
116,The Avengers,271,195
116,The Avengers,54,196
116,The Avengers,102,197
116,The Avengers,187,198
116,The Avengers,261,199
116,The Avengers,50,200
116,The Avengers,217,201
116,The Avengers,147,202
116,The Avengers,122,203
116,The Avengers,121,204
116,The Avengers,228,205
116,The Avengers,265,206
116,The Avengers,35,207
116,The Avengers,290,208
116,The Avengers,170,209
116,The Avengers,136,210
116,The Avengers,198,211
116,The Avengers,251,212
116,The Avengers,108,213
116,The Avengers,50,214
116,The Avengers,86,215
116,The Avengers,216,216
116,The Avengers,251,217
116,The Avengers,296,218
116,The Avengers,294,219
116,The Avengers,141,220
116,The Avengers,235,221
116,The Avengers,267,222
116,The Avengers,196,223
116,The Avengers,39,224
116,The Avengers,217,225
116,The Avengers,130,226
116,The Avengers,175,227
116,The Avengers,164,228
116,The Avengers,139,229
116,The Avengers,40,230
116,The Avengers,288,231
116,The Avengers,185,232
116,The Avengers,137,233
116,The Avengers,182,234
116,The Avengers,240,235
116,The Avengers,103,236
116,The Avengers,210,237
116,The Avengers,143,238
116,The Avengers,209,239
116,The Avengers,196,240
116,The Avengers,39,241
116,The Avengers,222,242
116,The Avengers,271,243
116,The Avengers,292,244
116,The Avengers,208,245
116,The Avengers,172,246
116,The Avengers,281,247
116,The Avengers,82,248
116,The Avengers,272,249
116,The Avengers,98,250
116,The Avengers,251,251
116,The Avengers,63,252
116,The Avengers,107,253
116,The Avengers,143,254
116,The Avengers,233,255
116,The Avengers,258,256
116,The Avengers,268,257
116,The Avengers,281,258
116,The Avengers,164,259
116,The Avengers,30,260
116,The Avengers,67,261
116,The Avengers,125,262
116,The Avengers,281,263
116,The Avengers,262,264
116,The Avengers,93,265
116,The Avengers,279,266
116,The Avengers,147,267
116,The Avengers,201,268
116,The Avengers,258,269
116,The Avengers,89,270
116,The Avengers,290,271
116,The Avengers,38,272
116,The Avengers,253,273
116,The Avengers,39,274
116,The Avengers,45,275
116,The Avengers,178,276
116,The Avengers,169,277
116,The Avengers,143,278
116,The Avengers,91,279
116,The Avengers,146,280
116,The Avengers,124,281
116,The Avengers,270,282
116,The Avengers,295,283
116,The Avengers,76,284
116,The Avengers,206,285
116,The Avengers,269,286
116,The Avengers,285,287
116,The Avengers,219,288
116,The Avengers,271,289
116,The Avengers,219,290
116,The Avengers,260,291
116,The Avengers,88,292
116,The Avengers,260,293
116,The Avengers,265,294
116,The Avengers,37,295
116,The Avengers,161,296
116,The Avengers,135,297
116,The Avengers,130,298
116,The Avengers,105,299
116,The Avengers,61,300
116,The Avengers,197,301
116,The Avengers,78,302
116,The Avengers,107,303
116,The Avengers,127,304
116,The Avengers,100,305
116,The Avengers,284,306
116,The Avengers,225,307
116,The Avengers,186,308
116,The Avengers,106,309
116,The Avengers,196,310
116,The Avengers,273,311
116,The Avengers,114,312
116,The Avengers,47,313
116,The Avengers,254,314
116,The Avengers,45,315
116,The Avengers,271,316
116,The Avengers,225,317
116,The Avengers,147,318
116,The Avengers,69,319
116,The Avengers,168,320
116,The Avengers,237,321
116,The Avengers,149,322
116,The Avengers,117,323
116,The Avengers,59,324
116,The Avengers,288,325
116,The Avengers,261,326
116,The Avengers,85,327
116,The Avengers,187,328
116,The Avengers,199,329
116,The Avengers,122,330
116,The Avengers,94,331
116,The Avengers,96,332
116,The Avengers,180,333
116,The Avengers,94,334
116,The Avengers,282,335
116,The Avengers,100,336
116,The Avengers,56,337
116,The Avengers,65,338
116,The Avengers,122,339
116,The Avengers,215,340
116,The Avengers,200,341
116,The Avengers,46,342
116,The Avengers,33,343
116,The Avengers,38,344
116,The Avengers,30,345
116,The Avengers,298,346
116,The Avengers,54,347
116,The Avengers,288,348
116,The Avengers,184,349
116,The Avengers,130,350
116,The Avengers,168,351
116,The Avengers,135,352
116,The Avengers,56,353
116,The Avengers,110,354
116,The Avengers,229,355
116,The Avengers,294,356
116,The Avengers,115,357
116,The Avengers,280,358
116,The Avengers,100,359
116,The Avengers,44,360
116,The Avengers,283,361
116,The Avengers,190,362
116,The Avengers,300,363
116,The Avengers,166,364
116,The Avengers,180,365
116,The Avengers,74,366
116,The Avengers,74,367
116,The Avengers,288,368
116,The Avengers,193,369
116,The Avengers,229,370
116,The Avengers,133,371
116,The Avengers,214,372
116,The Avengers,92,373
116,The Avengers,167,374
116,The Avengers,225,375
116,The Avengers,101,376
116,The Avengers,238,377
116,The Avengers,108,378
116,The Avengers,87,379
116,The Avengers,126,380
116,The Avengers,223,381
116,The Avengers,78,382
116,The Avengers,249,383
116,The Avengers,58,384
116,The Avengers,175,385
116,The Avengers,148,386
116,The Avengers,80,387
116,The Avengers,151,388
116,The Avengers,152,389
116,The Avengers,64,390
116,The Avengers,129,391
116,The Avengers,169,392
116,The Avengers,163,393
116,The Avengers,225,394
116,The Avengers,190,395
116,The Avengers,180,396
116,The Avengers,210,397
116,The Avengers,277,398
116,The Avengers,296,399
116,The Avengers,174,400
116,The Avengers,213,401
116,The Avengers,48,402
117,Avengers,294,1
117,Avengers,82,2
117,Avengers,231,3
117,Avengers,65,4
117,Avengers,191,5
117,Avengers,171,6
117,Avengers,59,7
117,Avengers,64,8
117,Avengers,40,9
117,Avengers,176,10
117,Avengers,135,11
117,Avengers,82,12
117,Avengers,227,13
117,Avengers,227,14
117,Avengers,128,15
117,Avengers,183,16
117,Avengers,276,17
117,Avengers,61,18
117,Avengers,234,19
117,Avengers,297,20
117,Avengers,276,21
117,Avengers,184,22
117,Avengers,184,23
117,Avengers,292,24
117,Avengers,49,25
117,Avengers,232,26
117,Avengers,158,27
117,Avengers,107,28
117,Avengers,275,29
117,Avengers,204,30
117,Avengers,296,31
117,Avengers,289,32
117,Avengers,54,33
117,Avengers,215,34
117,Avengers,92,35
117,Avengers,78,36
117,Avengers,41,37
117,Avengers,146,38
117,Avengers,222,39
117,Avengers,121,40
117,Avengers,103,41
117,Avengers,270,42
117,Avengers,286,43
117,Avengers,59,44
117,Avengers,252,45
117,Avengers,153,46
117,Avengers,35,47
117,Avengers,169,48
117,Avengers,141,49
117,Avengers,61,50
117,Avengers,264,51
117,Avengers,205,52
117,Avengers,73,53
117,Avengers,186,54
117,Avengers,264,55
117,Avengers,99,56
117,Avengers,170,57
117,Avengers,121,58
117,Avengers,85,59
117,Avengers,197,60
117,Avengers,235,61
117,Avengers,247,62
117,Avengers,155,63
117,Avengers,241,64
117,Avengers,30,65
117,Avengers,263,66
117,Avengers,59,67
117,Avengers,30,68
117,Avengers,124,69
117,Avengers,214,70
117,Avengers,205,71
117,Avengers,134,72
117,Avengers,143,73
117,Avengers,168,74
117,Avengers,191,75
117,Avengers,246,76
117,Avengers,199,77
117,Avengers,87,78
117,Avengers,80,79
117,Avengers,159,80
117,Avengers,277,81
117,Avengers,67,82
117,Avengers,98,83
117,Avengers,202,84
117,Avengers,95,85
117,Avengers,52,86
117,Avengers,259,87
117,Avengers,96,88
117,Avengers,118,89
118,Avengers,48,1
118,Avengers,233,2
118,Avengers,295,3
118,Avengers,92,4
118,Avengers,259,5
119,Dark Avengers,141,1
119,Dark Avengers,236,2
119,Dark Avengers,68,3
119,Dark Avengers,244,4
119,Dark Avengers,84,5
119,Dark Avengers,175,6
119,Dark Avengers,223,7
119,Dark Avengers,284,8
119,Dark Avengers,63,9
119,Dark Avengers,55,10
119,Dark Avengers,235,11
119,Dark Avengers,256,12
119,Dark Avengers,154,13
119,Dark Avengers,191,14
119,Dark Avengers,110,15
119,Dark Avengers,99,16
120,The Avengers Annual,167,1
120,The Avengers Annual,35,2
120,The Avengers Annual,238,3
120,The Avengers Annual,203,4
120,The Avengers Annual,273,5
120,The Avengers Annual,126,6
120,The Avengers Annual,256,7
120,The Avengers Annual,34,8
120,The Avengers Annual,182,9
120,The Avengers Annual,235,10
120,The Avengers Annual,299,11
120,The Avengers Annual,276,12
120,The Avengers Annual,235,13
120,The Avengers Annual,159,14
120,The Avengers Annual,133,15
120,The Avengers Annual,222,16
120,The Avengers Annual,149,17
120,The Avengers Annual,51,18
120,The Avengers Annual,138,19
120,The Avengers Annual,147,20
120,The Avengers Annual,89,21
120,The Avengers Annual,70,22
120,The Avengers Annual,201,23
121,Avengers 2001,188,1
122,Ultimate Avengers,227,1
122,Ultimate Avengers,140,2
122,Ultimate Avengers,47,3
122,Ultimate Avengers,121,4
122,Ultimate Avengers,111,5
122,Ultimate Avengers,206,6
122,Ultimate Avengers,139,7
122,Ultimate Avengers,31,8
122,Ultimate Avengers,237,9
122,Ultimate Avengers,197,10
122,Ultimate Avengers,246,11
122,Ultimate Avengers,60,12
122,Ultimate Avengers,113,13
122,Ultimate Avengers,73,14
122,Ultimate Avengers,243,15
122,Ultimate Avengers,162,16
122,Ultimate Avengers,288,17
122,Ultimate Avengers,126,18
123,New Avengers,152,1
123,New Avengers,244,2
123,New Avengers,206,3
123,New Avengers,225,4
123,New Avengers,195,5
123,New Avengers,132,6
123,New Avengers,229,7
123,New Avengers,209,8
123,New Avengers,45,9
123,New Avengers,266,10
123,New Avengers,165,11
123,New Avengers,123,12
123,New Avengers,151,13
123,New Avengers,142,14
123,New Avengers,191,15
123,New Avengers,77,16
123,New Avengers,157,17
123,New Avengers,127,18
123,New Avengers,206,19
123,New Avengers,172,20
123,New Avengers,230,21
123,New Avengers,58,22
123,New Avengers,237,23
123,New Avengers,233,24
123,New Avengers,211,25
123,New Avengers,49,26
123,New Avengers,231,27
123,New Avengers,163,28
123,New Avengers,80,29
123,New Avengers,190,30
123,New Avengers,78,31
123,New Avengers,37,32
123,New Avengers,212,33
123,New Avengers,93,34
123,New Avengers,233,35
124,Secret Avengers,95,1
124,Secret Avengers,277,2
124,Secret Avengers,163,3
124,Secret Avengers,67,4
124,Secret Avengers,45,5
124,Secret Avengers,144,6
124,Secret Avengers,291,7
124,Secret Avengers,124,8
124,Secret Avengers,31,9
124,Secret Avengers,181,10
124,Secret Avengers,105,11
124,Secret Avengers,37,12
124,Secret Avengers,300,13
124,Secret Avengers,220,14
124,Secret Avengers,265,15
124,Secret Avengers,295,16
124,Secret Avengers,201,17
124,Secret Avengers,157,18
124,Secret Avengers,141,19
124,Secret Avengers,145,20
124,Secret Avengers,155,21
124,Secret Avengers,289,22
124,Secret Avengers,72,23
124,Secret Avengers,243,24
124,Secret Avengers,202,25
124,Secret Avengers,72,26
124,Secret Avengers,113,27
124,Secret Avengers,243,28
124,Secret Avengers,241,29
124,Secret Avengers,299,30
124,Secret Avengers,164,31
124,Secret Avengers,56,32
124,Secret Avengers,99,33
124,Secret Avengers,183,34
124,Secret Avengers,45,35
124,Secret Avengers,85,36
124,Secret Avengers,82,37
124,Secret Avengers,131,38
124,Secret Avengers,270,39
125,JLA/Avengers,200,1
125,JLA/Avengers,230,2
126,New Avengers,298,1
126,New Avengers,207,2
126,New Avengers,274,3
126,New Avengers,294,4
126,New Avengers,124,5
126,New Avengers,65,6
126,New Avengers,293,7
126,New Avengers,273,8
126,New Avengers,57,9
126,New Avengers,274,10
126,New Avengers,145,11
126,New Avengers,70,12
126,New Avengers,165,13
126,New Avengers,217,14
126,New Avengers,234,15
126,New Avengers,54,16
126,New Avengers,115,17
126,New Avengers,230,18
126,New Avengers,102,19
126,New Avengers,37,20
126,New Avengers,295,21
126,New Avengers,160,22
126,New Avengers,72,23
126,New Avengers,39,24
126,New Avengers,289,25
126,New Avengers,223,26
126,New Avengers,254,27
126,New Avengers,121,28
126,New Avengers,254,29
126,New Avengers,169,30
126,New Avengers,56,31
126,New Avengers,43,32
126,New Avengers,102,33
126,New Avengers,200,34
126,New Avengers,264,35
126,New Avengers,82,36
126,New Avengers,188,37
126,New Avengers,300,38
126,New Avengers,78,39
126,New Avengers,270,40
126,New Avengers,177,41
126,New Avengers,271,42
126,New Avengers,86,43
126,New Avengers,232,44
126,New Avengers,65,45
126,New Avengers,48,46
126,New Avengers,38,47
126,New Avengers,243,48
126,New Avengers,99,49
126,New Avengers,221,50
126,New Avengers,120,51
126,New Avengers,199,52
126,New Avengers,95,53
126,New Avengers,172,54
126,New Avengers,89,55
126,New Avengers,132,56
126,New Avengers,281,57
126,New Avengers,257,58
126,New Avengers,42,59
126,New Avengers,160,60
126,New Avengers,46,61
126,New Avengers,167,62
126,New Avengers,102,63
126,New Avengers,220,64
127,Avengers/Invaders,149,1
128,Avengers Disassembled,101,1
129,Avengers Assemble,168,1
129,Avengers Assemble,127,2
129,Avengers Assemble,104,3
129,Avengers Assemble,251,4
130,Avengers Next,222,1
130,Avengers Next,261,2
130,Avengers Next,171,3
130,Avengers Next,253,4
130,Avengers Next,270,5
131,Avengers Assemble,149,1
131,Avengers Assemble,241,2
131,Avengers Assemble,115,3
131,Avengers Assemble,136,4
131,Avengers Assemble,178,5
131,Avengers Assemble,46,6
131,Avengers Assemble,126,7
131,Avengers Assemble,247,8
131,Avengers Assemble,290,9
131,Avengers Assemble,175,10
131,Avengers Assemble,273,11
131,Avengers Assemble,70,12
131,Avengers Assemble,50,13
131,Avengers Assemble,279,14
131,Avengers Assemble,87,15
131,Avengers Assemble,244,16
131,Avengers Assemble,35,17
131,Avengers Assemble,267,18
131,Avengers Assemble,70,19
131,Avengers Assemble,193,20
131,Avengers Assemble,58,21
131,Avengers Assemble,224,22
131,Avengers Assemble,228,23
131,Avengers Assemble,184,24
131,Avengers Assemble,110,25
132,Avengers:Falcon,48,1
133,The Avengers-Jollibee,241,1
134,Avengers Sampler,286,1
135,U.S.Avengers,42,1
135,U.S.Avengers,127,2
135,U.S.Avengers,123,3
135,U.S.Avengers,185,4
135,U.S.Avengers,208,5
135,U.S.Avengers,271,6
135,U.S.Avengers,65,7
135,U.S.Avengers,93,8
135,U.S.Avengers,119,9
135,U.S.Avengers,126,10
135,U.S.Avengers,41,11
135,U.S.Avengers,238,12
136,Uncanny Avengers,40,1
136,Uncanny Avengers,82,2
136,Uncanny Avengers,96,3
136,Uncanny Avengers,181,4
136,Uncanny Avengers,58,5
137,Avengers: Standoff,191,1
138,Avengers: Hawkeye,113,1
139,Avengers for the Wastelands,232,1
139,Avengers for the Wastelands,259,2
139,Avengers for the Wastelands,145,3
139,Avengers for the Wastelands,114,4
139,Avengers for the Wastelands,208,5
140,Avengers Forever,75,1
140,Avengers Forever,181,2
140,Avengers Forever,152,3
140,Avengers Forever,122,4
140,Avengers Forever,152,5
140,Avengers Forever,149,6
140,Avengers Forever,281,7
140,Avengers Forever,106,8
140,Avengers Forever,233,9
140,Avengers Forever,194,10
140,Avengers Forever,37,11
140,Avengers Forever,112,12
141,Avengers: The Initiative,103,1
141,Avengers: The Initiative,182,2
141,Avengers: The Initiative,91,3
141,Avengers: The Initiative,41,4
141,Avengers: The Initiative,169,5
141,Avengers: The Initiative,174,6
141,Avengers: The Initiative,55,7
141,Avengers: The Initiative,58,8
141,Avengers: The Initiative,173,9
141,Avengers: The Initiative,215,10
141,Avengers: The Initiative,233,11
141,Avengers: The Initiative,206,12
141,Avengers: The Initiative,256,13
141,Avengers: The Initiative,225,14
141,Avengers: The Initiative,120,15
141,Avengers: The Initiative,130,16
141,Avengers: The Initiative,243,17
141,Avengers: The Initiative,240,18
141,Avengers: The Initiative,288,19
141,Avengers: The Initiative,293,20
141,Avengers: The Initiative,190,21
141,Avengers: The Initiative,247,22
141,Avengers: The Initiative,292,23
141,Avengers: The Initiative,218,24
141,Avengers: The Initiative,201,25
141,Avengers: The Initiative,146,26
141,Avengers: The Initiative,171,27
141,Avengers: The Initiative,117,28
141,Avengers: The Initiative,138,29
141,Avengers: The Initiative,115,30
141,Avengers: The Initiative,206,31
141,Avengers: The Initiative,209,32
141,Avengers: The Initiative,54,33
141,Avengers: The Initiative,230,34
141,Avengers: The Initiative,105,35
142,Solo Avengers,287,1
142,Solo Avengers,32,2
142,Solo Avengers,124,3
142,Solo Avengers,67,4
142,Solo Avengers,178,5
142,Solo Avengers,134,6
142,Solo Avengers,31,7
142,Solo Avengers,159,8
142,Solo Avengers,140,9
142,Solo Avengers,284,10
142,Solo Avengers,89,11
142,Solo Avengers,114,12
143,Avengers: The Origin,169,1
143,Avengers: The Origin,170,2
143,Avengers: The Origin,266,3
143,Avengers: The Origin,177,4
143,Avengers: The Origin,123,5
144,Batman,64,1
144,Batman,300,2
145,Batman,215,1
145,Batman,50,2
145,Batman,264,3
145,Batman,73,4
145,Batman,193,5
145,Batman,65,6
145,Batman,132,7
145,Batman,189,8
145,Batman,275,9
145,Batman,264,10
145,Batman,271,11
145,Batman,52,12
145,Batman,259,13
145,Batman,140,14
145,Batman,55,15
145,Batman,114,16
145,Batman,41,17
145,Batman,293,18
145,Batman,146,19
145,Batman,112,20
145,Batman,61,21
145,Batman,210,22
145,Batman,261,23
145,Batman,63,24
145,Batman,140,25
145,Batman,155,26
145,Batman,95,27
145,Batman,55,28
145,Batman,142,29
145,Batman,162,30
145,Batman,74,31
145,Batman,260,32
145,Batman,175,33
145,Batman,142,34
145,Batman,89,35
145,Batman,139,36
145,Batman,182,37
145,Batman,220,38
145,Batman,72,39
145,Batman,94,40
145,Batman,134,41
145,Batman,72,42
145,Batman,292,43
145,Batman,116,44
145,Batman,44,45
145,Batman,244,46
145,Batman,51,47
145,Batman,189,48
145,Batman,56,49
145,Batman,46,50
145,Batman,89,51
145,Batman,279,52
145,Batman,135,53
145,Batman,199,54
145,Batman,166,55
145,Batman,107,56
145,Batman,96,57
146,Batman: Time and the Batman,162,1
147,Batman: Evolution,108,1
148,Batman: Batgirl,277,1
149,Batman: Toyman,207,1
149,Batman: Toyman,170,2
149,Batman: Toyman,135,3
149,Batman: Toyman,256,4
150,Batman and the Outsiders,250,1
150,Batman and the Outsiders,197,2
150,Batman and the Outsiders,131,3
150,Batman and the Outsiders,85,4
150,Batman and the Outsiders,199,5
150,Batman and the Outsiders,259,6
151,Batman / Superman,288,1
152,Batman: Orphans,73,1
152,Batman: Orphans,204,2
153,Batman and the Outsiders,250,1
153,Batman and the Outsiders,135,2
153,Batman and the Outsiders,42,3
153,Batman and the Outsiders,286,4
153,Batman and the Outsiders,56,5
153,Batman and the Outsiders,196,6
153,Batman and the Outsiders,111,7
153,Batman and the Outsiders,212,8
153,Batman and the Outsiders,120,9
153,Batman and the Outsiders,217,10
153,Batman and the Outsiders,225,11
153,Batman and the Outsiders,115,12
153,Batman and the Outsiders,125,13
153,Batman and the Outsiders,47,14
153,Batman and the Outsiders,56,15
153,Batman and the Outsiders,252,16
153,Batman and the Outsiders,80,17
154,Batman / Superman,118,1
154,Batman / Superman,289,2
154,Batman / Superman,220,3
154,Batman / Superman,184,4
154,Batman / Superman,183,5
154,Batman / Superman,100,6
154,Batman / Superman,92,7
154,Batman / Superman,125,8
154,Batman / Superman,247,9
154,Batman / Superman,237,10
154,Batman / Superman,215,11
154,Batman / Superman,167,12
154,Batman / Superman,220,13
154,Batman / Superman,148,14
154,Batman / Superman,174,15
154,Batman / Superman,116,16
154,Batman / Superman,141,17
154,Batman / Superman,53,18
154,Batman / Superman,295,19
154,Batman / Superman,273,20
154,Batman / Superman,226,21
154,Batman / Superman,96,22
154,Batman / Superman,142,23
154,Batman / Superman,72,24
154,Batman / Superman,185,25
154,Batman / Superman,146,26
154,Batman / Superman,290,27
154,Batman / Superman,237,28
154,Batman / Superman,222,29
154,Batman / Superman,178,30
154,Batman / Superman,30,31
154,Batman / Superman,228,32
154,Batman / Superman,44,33
155,Batman and the Robin,233,1
155,Batman and the Robin,124,2
155,Batman and the Robin,143,3
155,Batman and the Robin,285,4
155,Batman and the Robin,120,5
155,Batman and the Robin,245,6
155,Batman and the Robin,99,7
155,Batman and the Robin,44,8
155,Batman and the Robin,297,9
155,Batman and the Robin,83,10
155,Batman and the Robin,267,11
155,Batman and the Robin,56,12
155,Batman and the Robin,257,13
155,Batman and the Robin,164,14
155,Batman and the Robin,90,15
155,Batman and the Robin,189,16
155,Batman and the Robin,294,17
155,Batman and the Robin,127,18
155,Batman and the Robin,270,19
155,Batman and the Robin,107,20
155,Batman and the Robin,192,21
155,Batman and the Robin,291,22
155,Batman and the Robin,249,23
155,Batman and the Robin,255,24
155,Batman and the Robin,129,25
155,Batman and the Robin,134,26
156,Batman: Legacy,70,1
156,Batman: Legacy,185,2
157,Batman Adventures,278,1
157,Batman Adventures,181,2
157,Batman Adventures,223,3
157,Batman Adventures,295,4
158,Batman Beyond,223,1
158,Batman Beyond,84,2
158,Batman Beyond,277,3
158,Batman Beyond,116,4
158,Batman Beyond,123,5
158,Batman Beyond,231,6
158,Batman Beyond,129,7
158,Batman Beyond,40,8
159,Batman / Superman,72,1
159,Batman / Superman,72,2
159,Batman / Superman,153,3
159,Batman / Superman,217,4
159,Batman / Superman,272,5
159,Batman / Superman,193,6
160,Batman Eternal,264,1
160,Batman Eternal,103,2
160,Batman Eternal,254,3
161,Batman Inc.,113,1
161,Batman Inc.,124,2
161,Batman Inc.,151,3
161,Batman Inc.,53,4
161,Batman Inc.,135,5
161,Batman Inc.,275,6
161,Batman Inc.,126,7
161,Batman Inc.,120,8
162,Batman Incorporated,289,1
162,Batman Incorporated,119,2
162,Batman Incorporated,50,3
162,Batman Incorporated,272,4
162,Batman Incorporated,61,5
162,Batman Incorporated,110,6
162,Batman Incorporated,251,7
162,Batman Incorporated,184,8
162,Batman Incorporated,250,9
162,Batman Incorporated,30,10
162,Batman Incorporated,73,11
162,Batman Incorporated,133,12
162,Batman Incorporated,31,13
162,Batman Incorporated,113,14
163,Batman: Hush,211,1
163,Batman: Hush,285,2
164,Batman / Shadow,242,1
164,Batman / Shadow,245,2
164,Batman / Shadow,65,3
164,Batman / Shadow,106,4
164,Batman / Shadow,120,5
164,Batman / Shadow,104,6
165,The Batman Family,66,1
165,The Batman Family,218,2
165,The Batman Family,247,3
165,The Batman Family,55,4
165,The Batman Family,45,5
165,The Batman Family,36,6
165,The Batman Family,191,7
165,The Batman Family,158,8
165,The Batman Family,134,9
165,The Batman Family,134,10
165,The Batman Family,92,11
165,The Batman Family,183,12
165,The Batman Family,77,13
165,The Batman Family,287,14
165,The Batman Family,189,15
165,The Batman Family,296,16
165,The Batman Family,83,17
165,The Batman Family,102,18
165,The Batman Family,70,19
165,The Batman Family,41,20
166,Batman / Wildcat,230,1
166,Batman / Wildcat,53,2
166,Batman / Wildcat,66,3
167,Azrael,86,1
167,Azrael,274,2
167,Azrael,170,3
167,Azrael,152,4
167,Azrael,194,5
167,Azrael,138,6
167,Azrael,90,7
167,Azrael,244,8
167,Azrael,105,9
167,Azrael,67,10
167,Azrael,224,11
167,Azrael,247,12
167,Azrael,37,13
167,Azrael,98,14
167,Azrael,285,15
167,Azrael,83,16
167,Azrael,141,17
167,Azrael,272,18
168,Azrael / Ash,225,1
169,Azrael: Agent of the Bat,163,1
169,Azrael: Agent of the Bat,102,2
169,Azrael: Agent of the Bat,260,3
169,Azrael: Agent of the Bat,57,4
169,Azrael: Agent of the Bat,262,5
169,Azrael: Agent of the Bat,204,6
169,Azrael: Agent of the Bat,270,7
169,Azrael: Agent of the Bat,294,8
169,Azrael: Agent of the Bat,116,9
169,Azrael: Agent of the Bat,159,10
169,Azrael: Agent of the Bat,199,11
169,Azrael: Agent of the Bat,277,12
169,Azrael: Agent of the Bat,184,13
169,Azrael: Agent of the Bat,210,14
169,Azrael: Agent of the Bat,237,15
169,Azrael: Agent of the Bat,115,16
169,Azrael: Agent of the Bat,92,17
169,Azrael: Agent of the Bat,124,18
169,Azrael: Agent of the Bat,184,19
169,Azrael: Agent of the Bat,46,20
169,Azrael: Agent of the Bat,50,21
169,Azrael: Agent of the Bat,195,22
169,Azrael: Agent of the Bat,125,23
169,Azrael: Agent of the Bat,120,24
169,Azrael: Agent of the Bat,266,25
169,Azrael: Agent of the Bat,218,26
169,Azrael: Agent of the Bat,164,27
169,Azrael: Agent of the Bat,70,28
169,Azrael: Agent of the Bat,107,29
169,Azrael: Agent of the Bat,37,30
169,Azrael: Agent of the Bat,197,31
169,Azrael: Agent of the Bat,186,32
169,Azrael: Agent of the Bat,236,33
169,Azrael: Agent of the Bat,230,34
169,Azrael: Agent of the Bat,207,35
169,Azrael: Agent of the Bat,40,36
169,Azrael: Agent of the Bat,185,37
169,Azrael: Agent of the Bat,44,38
169,Azrael: Agent of the Bat,270,39
169,Azrael: Agent of the Bat,83,40
169,Azrael: Agent of the Bat,234,41
169,Azrael: Agent of the Bat,184,42
169,Azrael: Agent of the Bat,210,43
169,Azrael: Agent of the Bat,178,44
169,Azrael: Agent of the Bat,219,45
169,Azrael: Agent of the Bat,219,46
169,Azrael: Agent of the Bat,124,47
169,Azrael: Agent of the Bat,83,48
169,Azrael: Agent of the Bat,34,49
169,Azrael: Agent of the Bat,154,50
169,Azrael: Agent of the Bat,262,51
169,Azrael: Agent of the Bat,208,52
169,Azrael: Agent of the Bat,33,53
169,Azrael: Agent of the Bat,134,54
170,Aztek: The Ultimate Man,132,1
170,Aztek: The Ultimate Man,203,2
170,Aztek: The Ultimate Man,196,3
170,Aztek: The Ultimate Man,162,4
170,Aztek: The Ultimate Man,167,5
170,Aztek: The Ultimate Man,201,6
170,Aztek: The Ultimate Man,102,7
170,Aztek: The Ultimate Man,54,8
170,Aztek: The Ultimate Man,31,9
170,Aztek: The Ultimate Man,201,10
171,Bad Girls,31,1
171,Bad Girls,263,2
171,Bad Girls,281,3
171,Bad Girls,209,4
171,Bad Girls,214,5
172,Bane: Conquest,266,1
172,Bane: Conquest,280,2
172,Bane: Conquest,179,3
172,Bane: Conquest,282,4
172,Bane: Conquest,206,5
172,Bane: Conquest,117,6
172,Bane: Conquest,146,7
172,Bane: Conquest,198,8
172,Bane: Conquest,300,9
172,Bane: Conquest,68,10
172,Bane: Conquest,42,11
172,Bane: Conquest,267,12
173,Bat-Thing,121,1
174,Batgirl,85,1
174,Batgirl,263,2
174,Batgirl,146,3
174,Batgirl,116,4
174,Batgirl,57,5
174,Batgirl,132,6
174,Batgirl,262,7
174,Batgirl,256,8
174,Batgirl,183,9
174,Batgirl,201,10
174,Batgirl,246,11
174,Batgirl,160,12
174,Batgirl,291,13
174,Batgirl,299,14
174,Batgirl,285,15
174,Batgirl,251,16
174,Batgirl,96,17
174,Batgirl,114,18
174,Batgirl,204,19
174,Batgirl,285,20
174,Batgirl,64,21
174,Batgirl,64,22
174,Batgirl,96,23
174,Batgirl,202,24
174,Batgirl,87,25
174,Batgirl,286,26
174,Batgirl,241,27
174,Batgirl,110,28
174,Batgirl,215,29
174,Batgirl,257,30
174,Batgirl,124,31
174,Batgirl,159,32
174,Batgirl,278,33
174,Batgirl,193,34
174,Batgirl,241,35
174,Batgirl,134,36
174,Batgirl,112,37
174,Batgirl,235,38
174,Batgirl,204,39
174,Batgirl,169,40
174,Batgirl,253,41
174,Batgirl,148,42
174,Batgirl,116,43
174,Batgirl,55,44
174,Batgirl,31,45
174,Batgirl,138,46
174,Batgirl,243,47
174,Batgirl,58,48
174,Batgirl,198,49
174,Batgirl,158,50
174,Batgirl,170,51
174,Batgirl,294,52
174,Batgirl,79,53
174,Batgirl,79,54
174,Batgirl,216,55
174,Batgirl,163,56
174,Batgirl,124,57
174,Batgirl,290,58
174,Batgirl,114,59
174,Batgirl,170,60
174,Batgirl,291,61
174,Batgirl,221,62
174,Batgirl,188,63
174,Batgirl,187,64
174,Batgirl,168,65
174,Batgirl,298,66
174,Batgirl,168,67
174,Batgirl,56,68
174,Batgirl,141,69
174,Batgirl,141,70
174,Batgirl,103,71
174,Batgirl,77,72
174,Batgirl,300,73
175,Batgirl,77,1
175,Batgirl,85,2
175,Batgirl,114,3
176,Batgirl & the Birds of Prey,274,1
176,Batgirl & the Birds of Prey,197,2
176,Batgirl & the Birds of Prey,231,3
176,Batgirl & the Birds of Prey,246,4
176,Batgirl & the Birds of Prey,177,5
176,Batgirl & the Birds of Prey,48,6
176,Batgirl & the Birds of Prey,201,7
176,Batgirl & the Birds of Prey,75,8
176,Batgirl & the Birds of Prey,205,9
176,Batgirl & the Birds of Prey,187,10
176,Batgirl & the Birds of Prey,197,11
176,Batgirl & the Birds of Prey,275,12
176,Batgirl & the Birds of Prey,287,13
176,Batgirl & the Birds of Prey,128,14
176,Batgirl & the Birds of Prey,110,15
176,Batgirl & the Birds of Prey,74,16
176,Batgirl & the Birds of Prey,189,17
176,Batgirl & the Birds of Prey,210,18
176,Batgirl & the Birds of Prey,269,19
176,Batgirl & the Birds of Prey,238,20
176,Batgirl & the Birds of Prey,174,21
176,Batgirl & the Birds of Prey,102,22
177,Batgirl / Robin Year One,223,1
178,Batman & Harley Queen,190,1
179,Batgirl: Year One,130,1
180,Bugs Bunny,264,1
180,Bugs Bunny,198,2
180,Bugs Bunny,212,3
181,Bugs Bunny and Friends,239,1
182,Captain Atom,85,1
182,Captain Atom,220,2
182,Captain Atom,129,3
182,Captain Atom,59,4
182,Captain Atom,40,5
182,Captain Atom,248,6
182,Captain Atom,271,7
182,Captain Atom,67,8
182,Captain Atom,228,9
182,Captain Atom,296,10
182,Captain Atom,268,11
182,Captain Atom,200,12
182,Captain Atom,275,13
182,Captain Atom,278,14
182,Captain Atom,85,15
182,Captain Atom,296,16
182,Captain Atom,156,17
182,Captain Atom,244,18
182,Captain Atom,81,19
182,Captain Atom,113,20
182,Captain Atom,163,21
182,Captain Atom,261,22
182,Captain Atom,220,23
182,Captain Atom,264,24
182,Captain Atom,179,25
182,Captain Atom,112,26
182,Captain Atom,77,27
182,Captain Atom,140,28
182,Captain Atom,300,29
182,Captain Atom,116,30
182,Captain Atom,104,31
182,Captain Atom,221,32
182,Captain Atom,267,33
182,Captain Atom,244,34
182,Captain Atom,278,35
182,Captain Atom,236,36
182,Captain Atom,220,37
182,Captain Atom,114,38
182,Captain Atom,234,39
182,Captain Atom,33,40
182,Captain Atom,225,41
182,Captain Atom,138,42
182,Captain Atom,105,43
182,Captain Atom,256,44
182,Captain Atom,91,45
182,Captain Atom,55,46
182,Captain Atom,129,47
182,Captain Atom,187,48
182,Captain Atom,106,49
182,Captain Atom,89,50
182,Captain Atom,77,51
182,Captain Atom,180,52
182,Captain Atom,163,53
182,Captain Atom,240,54
182,Captain Atom,176,55
182,Captain Atom,226,56
182,Captain Atom,141,57
183,Captain Atom: Armagedon,199,1
183,Captain Atom: Armagedon,112,2
183,Captain Atom: Armagedon,193,3
183,Captain Atom: Armagedon,198,4
183,Captain Atom: Armagedon,38,5
183,Captain Atom: Armagedon,269,6
183,Captain Atom: Armagedon,116,7
183,Captain Atom: Armagedon,286,8
183,Captain Atom: Armagedon,38,9
184,Catwoman,61,1
184,Catwoman,241,2
184,Catwoman,188,3
184,Catwoman,230,4
185,Catwoman,51,1
185,Catwoman,207,2
185,Catwoman,274,3
185,Catwoman,156,4
185,Catwoman,183,5
185,Catwoman,245,6
185,Catwoman,132,7
185,Catwoman,162,8
185,Catwoman,71,9
185,Catwoman,190,10
185,Catwoman,297,11
185,Catwoman,47,12
185,Catwoman,102,13
185,Catwoman,117,14
185,Catwoman,111,15
185,Catwoman,31,16
185,Catwoman,259,17
185,Catwoman,54,18
185,Catwoman,51,19
185,Catwoman,181,20
185,Catwoman,66,21
185,Catwoman,248,22
185,Catwoman,92,23
185,Catwoman,176,24
185,Catwoman,144,25
185,Catwoman,117,26
185,Catwoman,293,27
185,Catwoman,183,28
185,Catwoman,276,29
185,Catwoman,231,30
185,Catwoman,299,31
186,Cyborg,80,1
186,Cyborg,168,2
187,Cyborg,101,1
187,Cyborg,117,2
187,Cyborg,125,3
187,Cyborg,128,4
187,Cyborg,188,5
187,Cyborg,74,6
187,Cyborg,130,7
187,Cyborg,85,8
187,Cyborg,285,9
187,Cyborg,273,10
187,Cyborg,185,11
187,Cyborg,145,12
187,Cyborg,50,13
187,Cyborg,274,14
187,Cyborg,295,15
187,Cyborg,254,16
187,Cyborg,183,17
187,Cyborg,232,18
187,Cyborg,50,19
187,Cyborg,41,20
187,Cyborg,246,21
187,Cyborg,298,22
187,Cyborg,259,23
188,Damian: Son of Batman,243,1
188,Damian: Son of Batman,31,2
188,Damian: Son of Batman,274,3
188,Damian: Son of Batman,276,4
189,Damian: Son of Batman,58,1
190,Danger Girl,255,1
190,Danger Girl,246,2
190,Danger Girl,142,3
191,Dante's Inferno,249,1
191,Dante's Inferno,122,2
191,Dante's Inferno,63,3
191,Dante's Inferno,36,4
191,Dante's Inferno,275,5
191,Dante's Inferno,198,6
192,Doom Force Special,199,1
193,The Doom Patrol,246,1
193,The Doom Patrol,127,2
193,The Doom Patrol,267,3
193,The Doom Patrol,150,4
193,The Doom Patrol,206,5
193,The Doom Patrol,61,6
193,The Doom Patrol,75,7
193,The Doom Patrol,124,8
193,The Doom Patrol,77,9
193,The Doom Patrol,75,10
193,The Doom Patrol,145,11
193,The Doom Patrol,190,12
193,The Doom Patrol,176,13
193,The Doom Patrol,256,14
193,The Doom Patrol,300,15
193,The Doom Patrol,55,16
193,The Doom Patrol,214,17
193,The Doom Patrol,73,18
193,The Doom Patrol,131,19
193,The Doom Patrol,180,20
193,The Doom Patrol,234,21
193,The Doom Patrol,179,22
193,The Doom Patrol,162,23
193,The Doom Patrol,112,24
193,The Doom Patrol,290,25
193,The Doom Patrol,152,26
193,The Doom Patrol,246,27
193,The Doom Patrol,66,28
193,The Doom Patrol,120,29
193,The Doom Patrol,59,30
193,The Doom Patrol,262,31
193,The Doom Patrol,51,32
193,The Doom Patrol,143,33
193,The Doom Patrol,118,34
193,The Doom Patrol,98,35
193,The Doom Patrol,255,36
193,The Doom Patrol,110,37
193,The Doom Patrol,66,38
193,The Doom Patrol,249,39
194,Doom Patrol,227,1
194,Doom Patrol,137,2
194,Doom Patrol,221,3
194,Doom Patrol,172,4
194,Doom Patrol,49,5
194,Doom Patrol,195,6
194,Doom Patrol,223,7
194,Doom Patrol,39,8
194,Doom Patrol,180,9
194,Doom Patrol,260,10
194,Doom Patrol,205,11
194,Doom Patrol,285,12
194,Doom Patrol,284,13
194,Doom Patrol,221,14
194,Doom Patrol,66,15
194,Doom Patrol,62,16
194,Doom Patrol,165,17
194,Doom Patrol,44,18
194,Doom Patrol,90,19
194,Doom Patrol,134,20
194,Doom Patrol,135,21
194,Doom Patrol,165,22
194,Doom Patrol,163,23
194,Doom Patrol,68,24
194,Doom Patrol,84,25
194,Doom Patrol,38,26
194,Doom Patrol,172,27
194,Doom Patrol,270,28
194,Doom Patrol,149,29
194,Doom Patrol,117,30
194,Doom Patrol,113,31
194,Doom Patrol,238,32
194,Doom Patrol,81,33
194,Doom Patrol,174,34
194,Doom Patrol,35,35
194,Doom Patrol,40,36
194,Doom Patrol,83,37
194,Doom Patrol,218,38
194,Doom Patrol,275,39
194,Doom Patrol,127,40
194,Doom Patrol,110,41
194,Doom Patrol,273,42
194,Doom Patrol,103,43
194,Doom Patrol,101,44
194,Doom Patrol,44,45
194,Doom Patrol,151,46
194,Doom Patrol,234,47
194,Doom Patrol,227,48
194,Doom Patrol,49,49
194,Doom Patrol,110,50
194,Doom Patrol,144,51
194,Doom Patrol,103,52
194,Doom Patrol,151,53
194,Doom Patrol,174,54
194,Doom Patrol,246,55
194,Doom Patrol,191,56
194,Doom Patrol,177,57
194,Doom Patrol,88,58
194,Doom Patrol,246,59
194,Doom Patrol,183,60
194,Doom Patrol,62,61
194,Doom Patrol,102,62
194,Doom Patrol,279,63
194,Doom Patrol,152,64
194,Doom Patrol,220,65
194,Doom Patrol,275,66
194,Doom Patrol,214,67
194,Doom Patrol,274,68
194,Doom Patrol,255,69
194,Doom Patrol,164,70
194,Doom Patrol,243,71
194,Doom Patrol,98,72
194,Doom Patrol,140,73
194,Doom Patrol,288,74
194,Doom Patrol,81,75
194,Doom Patrol,110,76
194,Doom Patrol,55,77
194,Doom Patrol,223,78
194,Doom Patrol,290,79
194,Doom Patrol,197,80
194,Doom Patrol,215,81
194,Doom Patrol,256,82
194,Doom Patrol,264,83
194,Doom Patrol,206,84
194,Doom Patrol,106,85
194,Doom Patrol,143,86
194,Doom Patrol,298,87
195,Doom Patrol / JLA Special,292,1
196,Dr. Fate: Countdown to Mystery,211,1
196,Dr. Fate: Countdown to Mystery,199,2
196,Dr. Fate: Countdown to Mystery,155,3
196,Dr. Fate: Countdown to Mystery,114,4
196,Dr. Fate: Countdown to Mystery,83,5
196,Dr. Fate: Countdown to Mystery,176,6
197,Enigma,245,1
197,Enigma,77,2
197,Enigma,212,3
197,Enigma,151,4
197,Enigma,127,5
197,Enigma,158,6
197,Enigma,118,7
197,Enigma,151,8
198,Ex Machina,209,1
198,Ex Machina,86,2
198,Ex Machina,132,3
198,Ex Machina,279,4
198,Ex Machina,161,5
198,Ex Machina,59,6
198,Ex Machina,168,7
198,Ex Machina,267,8
198,Ex Machina,180,9
198,Ex Machina,167,10
198,Ex Machina,268,11
198,Ex Machina,262,12
198,Ex Machina,280,13
198,Ex Machina,274,14
198,Ex Machina,277,15
198,Ex Machina,193,16
198,Ex Machina,287,17
198,Ex Machina,208,18
198,Ex Machina,236,19
198,Ex Machina,114,20
198,Ex Machina,158,21
198,Ex Machina,103,22
198,Ex Machina,188,23
198,Ex Machina,242,24
198,Ex Machina,240,25
198,Ex Machina,283,26
198,Ex Machina,110,27
198,Ex Machina,111,28
198,Ex Machina,249,29
198,Ex Machina,152,30
198,Ex Machina,77,31
198,Ex Machina,170,32
198,Ex Machina,248,33
198,Ex Machina,224,34
198,Ex Machina,121,35
198,Ex Machina,46,36
198,Ex Machina,93,37
198,Ex Machina,224,38
198,Ex Machina,201,39
198,Ex Machina,181,40
198,Ex Machina,40,41
198,Ex Machina,241,42
198,Ex Machina,87,43
198,Ex Machina,197,44
198,Ex Machina,128,45
198,Ex Machina,291,46
198,Ex Machina,199,47
198,Ex Machina,74,48
198,Ex Machina,203,49
198,Ex Machina,247,50
199,Ex Machina #1 Special Edition,298,1
200,Ex Machina #1 Special Edition,55,1
201,Hal Jordan and the Green Lantern Corps,285,1
201,Hal Jordan and the Green Lantern Corps,277,2
201,Hal Jordan and the Green Lantern Corps,97,3
201,Hal Jordan and the Green Lantern Corps,196,4
201,Hal Jordan and the Green Lantern Corps,260,5
201,Hal Jordan and the Green Lantern Corps,287,6
201,Hal Jordan and the Green Lantern Corps,191,7
201,Hal Jordan and the Green Lantern Corps,277,8
201,Hal Jordan and the Green Lantern Corps,202,9
201,Hal Jordan and the Green Lantern Corps,132,10
201,Hal Jordan and the Green Lantern Corps,138,11
201,Hal Jordan and the Green Lantern Corps,133,12
201,Hal Jordan and the Green Lantern Corps,268,13
201,Hal Jordan and the Green Lantern Corps,272,14
201,Hal Jordan and the Green Lantern Corps,245,15
201,Hal Jordan and the Green Lantern Corps,285,16
201,Hal Jordan and the Green Lantern Corps,175,17
201,Hal Jordan and the Green Lantern Corps,66,18
201,Hal Jordan and the Green Lantern Corps,130,19
201,Hal Jordan and the Green Lantern Corps,274,20
201,Hal Jordan and the Green Lantern Corps,73,21
201,Hal Jordan and the Green Lantern Corps,216,22
201,Hal Jordan and the Green Lantern Corps,215,23
201,Hal Jordan and the Green Lantern Corps,160,24
201,Hal Jordan and the Green Lantern Corps,192,25
201,Hal Jordan and the Green Lantern Corps,230,26
201,Hal Jordan and the Green Lantern Corps,126,27
201,Hal Jordan and the Green Lantern Corps,285,28
201,Hal Jordan and the Green Lantern Corps,283,29
201,Hal Jordan and the Green Lantern Corps,208,30
201,Hal Jordan and the Green Lantern Corps,127,31
201,Hal Jordan and the Green Lantern Corps,40,32
201,Hal Jordan and the Green Lantern Corps,48,33
201,Hal Jordan and the Green Lantern Corps,155,34
201,Hal Jordan and the Green Lantern Corps,287,35
201,Hal Jordan and the Green Lantern Corps,220,36
201,Hal Jordan and the Green Lantern Corps,117,37
201,Hal Jordan and the Green Lantern Corps,71,38
201,Hal Jordan and the Green Lantern Corps,276,39
201,Hal Jordan and the Green Lantern Corps,299,40
201,Hal Jordan and the Green Lantern Corps,241,41
201,Hal Jordan and the Green Lantern Corps,291,42
201,Hal Jordan and the Green Lantern Corps,244,43
201,Hal Jordan and the Green Lantern Corps,140,44
201,Hal Jordan and the Green Lantern Corps,271,45
201,Hal Jordan and the Green Lantern Corps,126,46
201,Hal Jordan and the Green Lantern Corps,137,47
201,Hal Jordan and the Green Lantern Corps,150,48
201,Hal Jordan and the Green Lantern Corps,203,49
201,Hal Jordan and the Green Lantern Corps,279,50
202,Hal Jordan and the Green Lantern Corps,162,1
202,Hal Jordan and the Green Lantern Corps,201,2
202,Hal Jordan and the Green Lantern Corps,108,3
202,Hal Jordan and the Green Lantern Corps,242,4
202,Hal Jordan and the Green Lantern Corps,58,5
202,Hal Jordan and the Green Lantern Corps,59,6
202,Hal Jordan and the Green Lantern Corps,246,7
203,Harley Quinn,228,1
203,Harley Quinn,113,2
203,Harley Quinn,232,3
203,Harley Quinn,203,4
203,Harley Quinn,118,5
203,Harley Quinn,133,6
204,Harley Quinn,276,1
204,Harley Quinn,279,2
204,Harley Quinn,147,3
204,Harley Quinn,116,4
204,Harley Quinn,175,5
204,Harley Quinn,149,6
204,Harley Quinn,57,7
204,Harley Quinn,276,8
204,Harley Quinn,109,9
204,Harley Quinn,130,10
204,Harley Quinn,36,11
204,Harley Quinn,254,12
204,Harley Quinn,273,13
204,Harley Quinn,105,14
204,Harley Quinn,296,15
204,Harley Quinn,109,16
204,Harley Quinn,54,17
204,Harley Quinn,167,18
204,Harley Quinn,121,19
204,Harley Quinn,30,20
204,Harley Quinn,280,21
204,Harley Quinn,195,22
204,Harley Quinn,149,23
204,Harley Quinn,218,24
204,Harley Quinn,203,25
204,Harley Quinn,232,26
204,Harley Quinn,55,27
204,Harley Quinn,35,28
204,Harley Quinn,77,29
204,Harley Quinn,59,30
204,Harley Quinn,282,31
205,Harley Quinn,119,1
205,Harley Quinn,82,2
205,Harley Quinn,254,3
206,The Huntress,55,1
206,The Huntress,33,2
206,The Huntress,143,3
206,The Huntress,131,4
206,The Huntress,299,5
206,The Huntress,177,6
206,The Huntress,221,7
206,The Huntress,130,8
206,The Huntress,94,9
206,The Huntress,261,10
206,The Huntress,248,11
206,The Huntress,112,12
206,The Huntress,152,13
206,The Huntress,196,14
206,The Huntress,65,15
206,The Huntress,98,16
206,The Huntress,63,17
206,The Huntress,67,18
206,The Huntress,300,19
207,Justice League: Darkseid War: Green Lantern,138,1
208,Justice League: Darkseid War: Lex Luthor,131,1
209,Justice League: Darkseid War: Shazam,208,1
210,Justice League: Darkseid War: Superman,122,1
211,Justice League: Endless Winter,153,1
211,Justice League: Endless Winter,169,2
212,Justice League: Generation Lost,265,1
212,Justice League: Generation Lost,159,2
212,Justice League: Generation Lost,248,3
212,Justice League: Generation Lost,148,4
212,Justice League: Generation Lost,223,5
212,Justice League: Generation Lost,96,6
212,Justice League: Generation Lost,163,7
212,Justice League: Generation Lost,155,8
212,Justice League: Generation Lost,249,9
212,Justice League: Generation Lost,228,10
212,Justice League: Generation Lost,184,11
212,Justice League: Generation Lost,104,12
212,Justice League: Generation Lost,171,13
212,Justice League: Generation Lost,79,14
212,Justice League: Generation Lost,34,15
212,Justice League: Generation Lost,273,16
212,Justice League: Generation Lost,246,17
212,Justice League: Generation Lost,113,18
212,Justice League: Generation Lost,264,19
212,Justice League: Generation Lost,120,20
212,Justice League: Generation Lost,198,21
212,Justice League: Generation Lost,107,22
212,Justice League: Generation Lost,71,23
212,Justice League: Generation Lost,260,24
213,Justice League: God and Monsters,175,1
213,Justice League: God and Monsters,221,2
213,Justice League: God and Monsters,160,3
213,Justice League: God and Monsters,265,4
213,Justice League: God and Monsters,206,5
213,Justice League: God and Monsters,271,6
213,Justice League: God and Monsters,206,7
213,Justice League: God and Monsters,146,8
213,Justice League: God and Monsters,106,9
213,Justice League: God and Monsters,77,10
213,Justice League: God and Monsters,94,11
213,Justice League: God and Monsters,235,12
213,Justice League: God and Monsters,269,13
213,Justice League: God and Monsters,127,14
213,Justice League: God and Monsters,236,15
214,Katana,274,1
214,Katana,291,2
214,Katana,103,3
214,Katana,50,4
214,Katana,153,5
214,Katana,85,6
214,Katana,246,7
214,Katana,220,8
214,Katana,251,9
214,Katana,113,10
215,Kingdom Come,130,1
215,Kingdom Come,164,2
215,Kingdom Come,148,3
215,Kingdom Come,242,4
216,Krypton Chronicles,90,1
216,Krypton Chronicles,80,2
216,Krypton Chronicles,259,3
217,The League of Extraordinary Gentlemen,166,1
217,The League of Extraordinary Gentlemen,183,2
217,The League of Extraordinary Gentlemen,186,3
217,The League of Extraordinary Gentlemen,243,4
217,The League of Extraordinary Gentlemen,138,5
217,The League of Extraordinary Gentlemen,151,6
218,The Legend of Wonder Woman,243,1
218,The Legend of Wonder Woman,194,2
218,The Legend of Wonder Woman,57,3
218,The Legend of Wonder Woman,255,4
218,The Legend of Wonder Woman,130,5
218,The Legend of Wonder Woman,68,6
218,The Legend of Wonder Woman,227,7
218,The Legend of Wonder Woman,76,8
218,The Legend of Wonder Woman,159,9
219,Mad Max: Fury Road,162,1
219,Mad Max: Fury Road,288,2
219,Mad Max: Fury Road,294,3
220,The Man of Steel,234,1
220,The Man of Steel,243,2
220,The Man of Steel,55,3
220,The Man of Steel,93,4
220,The Man of Steel,158,5
220,The Man of Steel,147,6
221,The Man of Steel,101,1
221,The Man of Steel,50,2
221,The Man of Steel,288,3
221,The Man of Steel,225,4
221,The Man of Steel,211,5
221,The Man of Steel,183,6
221,The Man of Steel,71,7
222,Marsian Manhunter,44,1
222,Marsian Manhunter,179,2
222,Marsian Manhunter,234,3
222,Marsian Manhunter,233,4
222,Marsian Manhunter,297,5
222,Marsian Manhunter,145,6
222,Marsian Manhunter,68,7
222,Marsian Manhunter,290,8
222,Marsian Manhunter,169,9
222,Marsian Manhunter,114,10
222,Marsian Manhunter,202,11
222,Marsian Manhunter,300,12
222,Marsian Manhunter,197,13
222,Marsian Manhunter,157,14
222,Marsian Manhunter,84,15
222,Marsian Manhunter,211,16
222,Marsian Manhunter,175,17
222,Marsian Manhunter,288,18
222,Marsian Manhunter,197,19
222,Marsian Manhunter,207,20
222,Marsian Manhunter,163,21
222,Marsian Manhunter,263,22
222,Marsian Manhunter,143,23
222,Marsian Manhunter,74,24
222,Marsian Manhunter,211,25
222,Marsian Manhunter,178,26
222,Marsian Manhunter,111,27
222,Marsian Manhunter,31,28
222,Marsian Manhunter,293,29
222,Marsian Manhunter,37,30
222,Marsian Manhunter,217,31
222,Marsian Manhunter,273,32
222,Marsian Manhunter,85,33
222,Marsian Manhunter,252,34
222,Marsian Manhunter,265,35
222,Marsian Manhunter,105,36
222,Marsian Manhunter,209,37
222,Marsian Manhunter,34,38
223,Stardust,150,1
223,Stardust,223,2
223,Stardust,105,3
223,Stardust,47,4
224,Nightwing,204,1
224,Nightwing,159,2
224,Nightwing,155,3
224,Nightwing,175,4
224,Nightwing,81,5
224,Nightwing,165,6
224,Nightwing,153,7
224,Nightwing,266,8
224,Nightwing,33,9
224,Nightwing,52,10
224,Nightwing,198,11
224,Nightwing,48,12
224,Nightwing,266,13
224,Nightwing,59,14
224,Nightwing,187,15
224,Nightwing,213,16
224,Nightwing,90,17
224,Nightwing,293,18
224,Nightwing,85,19
224,Nightwing,281,20
224,Nightwing,298,21
224,Nightwing,257,22
224,Nightwing,134,23
224,Nightwing,256,24
224,Nightwing,252,25
224,Nightwing,237,26
224,Nightwing,256,27
224,Nightwing,298,28
224,Nightwing,59,29
224,Nightwing,82,30
224,Nightwing,170,31
224,Nightwing,176,32
224,Nightwing,89,33
224,Nightwing,216,34
224,Nightwing,289,35
224,Nightwing,231,36
224,Nightwing,147,37
224,Nightwing,149,38
224,Nightwing,178,39
224,Nightwing,111,40
224,Nightwing,137,41
224,Nightwing,53,42
224,Nightwing,126,43
224,Nightwing,230,44
224,Nightwing,119,45
224,Nightwing,32,46
224,Nightwing,40,47
224,Nightwing,155,48
224,Nightwing,163,49
224,Nightwing,115,50
224,Nightwing,131,51
224,Nightwing,116,52
224,Nightwing,181,53
224,Nightwing,81,54
224,Nightwing,174,55
224,Nightwing,263,56
224,Nightwing,131,57
224,Nightwing,223,58
224,Nightwing,190,59
224,Nightwing,181,60
224,Nightwing,53,61
224,Nightwing,45,62
224,Nightwing,271,63
224,Nightwing,230,64
224,Nightwing,154,65
224,Nightwing,161,66
224,Nightwing,133,67
224,Nightwing,222,68
224,Nightwing,113,69
224,Nightwing,105,70
224,Nightwing,246,71
224,Nightwing,153,72
224,Nightwing,189,73
224,Nightwing,60,74
224,Nightwing,63,75
224,Nightwing,69,76
224,Nightwing,209,77
224,Nightwing,246,78
224,Nightwing,114,79
224,Nightwing,288,80
224,Nightwing,114,81
224,Nightwing,42,82
224,Nightwing,207,83
224,Nightwing,268,84
224,Nightwing,268,85
224,Nightwing,61,86
224,Nightwing,85,87
224,Nightwing,256,88
224,Nightwing,124,89
224,Nightwing,282,90
224,Nightwing,108,91
224,Nightwing,82,92
224,Nightwing,219,93
224,Nightwing,222,94
224,Nightwing,115,95
224,Nightwing,260,96
224,Nightwing,247,97
224,Nightwing,259,98
224,Nightwing,117,99
224,Nightwing,74,100
224,Nightwing,262,101
224,Nightwing,137,102
224,Nightwing,282,103
224,Nightwing,300,104
224,Nightwing,176,105
224,Nightwing,210,106
224,Nightwing,128,107
224,Nightwing,242,108
224,Nightwing,178,109
224,Nightwing,246,110
224,Nightwing,86,111
224,Nightwing,224,112
224,Nightwing,288,113
224,Nightwing,298,114
224,Nightwing,53,115
224,Nightwing,241,116
224,Nightwing,201,117
224,Nightwing,183,118
224,Nightwing,120,119
224,Nightwing,172,120
224,Nightwing,79,121
224,Nightwing,250,122
224,Nightwing,181,123
224,Nightwing,185,124
224,Nightwing,186,125
224,Nightwing,203,126
224,Nightwing,166,127
224,Nightwing,37,128
224,Nightwing,193,129
224,Nightwing,292,130
224,Nightwing,103,131
224,Nightwing,179,132
224,Nightwing,50,133
224,Nightwing,263,134
224,Nightwing,65,135
224,Nightwing,223,136
224,Nightwing,247,137
224,Nightwing,201,138
224,Nightwing,282,139
224,Nightwing,44,140
224,Nightwing,173,141
224,Nightwing,275,142
224,Nightwing,272,143
224,Nightwing,225,144
224,Nightwing,247,145
224,Nightwing,81,146
224,Nightwing,245,147
224,Nightwing,166,148
224,Nightwing,177,149
224,Nightwing,283,150
224,Nightwing,221,151
224,Nightwing,205,152
224,Nightwing,62,153
224,Nightwing,217,154
225,Nightwing / Huntress,192,1
226,Nightwing: Alfred's Return,199,1
227,Nightwing: Rebirth,83,1
228,Nightwing: Year One,160,1
229,Oracle: The Cure,271,1
229,Oracle: The Cure,200,2
229,Oracle: The Cure,297,3
230,Pride of Baghdad,46,1
231,Robin - Son of Batman,125,1
231,Robin - Son of Batman,250,2
232,Robin / Batgirl: Fresh Blood,142,1
233,Robin / Spoiler Special,235,1
234,Robin: Son of Batman,215,1
234,Robin: Son of Batman,112,2
234,Robin: Son of Batman,158,3
234,Robin: Son of Batman,95,4
234,Robin: Son of Batman,32,5
234,Robin: Son of Batman,209,6
234,Robin: Son of Batman,249,7
234,Robin: Son of Batman,211,8
234,Robin: Son of Batman,76,9
234,Robin: Son of Batman,255,10
234,Robin: Son of Batman,114,11
234,Robin: Son of Batman,110,12
234,Robin: Son of Batman,221,13
235,Sandman,260,1
235,Sandman,190,2
235,Sandman,213,3
235,Sandman,41,4
235,Sandman,286,5
235,Sandman,250,6
236,V for Vandetta,148,1
236,V for Vandetta,157,2
236,V for Vandetta,102,3
236,V for Vandetta,207,4
236,V for Vandetta,170,5
236,V for Vandetta,298,6
236,V for Vandetta,222,7
236,V for Vandetta,72,8
236,V for Vandetta,275,9
236,V for Vandetta,40,10
237,The Umbrella Academy,86,1
237,The Umbrella Academy,221,2
237,The Umbrella Academy,97,3
237,The Umbrella Academy,236,4
237,The Umbrella Academy,50,5
237,The Umbrella Academy,149,6
237,The Umbrella Academy,205,7
237,The Umbrella Academy,230,8
237,The Umbrella Academy,112,9
237,The Umbrella Academy,180,10
237,The Umbrella Academy,88,11
237,The Umbrella Academy,180,12
237,The Umbrella Academy,260,13
237,The Umbrella Academy,80,14
237,The Umbrella Academy,208,15
237,The Umbrella Academy,179,16
237,The Umbrella Academy,176,17
237,The Umbrella Academy,38,18
237,The Umbrella Academy,46,19
237,The Umbrella Academy,268,20
237,The Umbrella Academy,210,21
237,The Umbrella Academy,298,22
237,The Umbrella Academy,88,23
237,The Umbrella Academy,182,24
238,The Sandman,296,1
238,The Sandman,268,2
238,The Sandman,185,3
238,The Sandman,294,4
238,The Sandman,293,5
238,The Sandman,244,6
238,The Sandman,196,7
238,The Sandman,75,8
238,The Sandman,219,9
238,The Sandman,284,10
238,The Sandman,82,11
238,The Sandman,275,12
238,The Sandman,108,13
238,The Sandman,46,14
238,The Sandman,77,15
238,The Sandman,31,16
238,The Sandman,126,17
238,The Sandman,284,18
238,The Sandman,243,19
238,The Sandman,48,20
238,The Sandman,145,21
238,The Sandman,59,22
238,The Sandman,152,23
238,The Sandman,188,24
238,The Sandman,288,25
238,The Sandman,241,26
238,The Sandman,235,27
238,The Sandman,267,28
238,The Sandman,94,29
238,The Sandman,150,30
238,The Sandman,103,31
238,The Sandman,220,32
238,The Sandman,103,33
238,The Sandman,233,34
238,The Sandman,279,35
238,The Sandman,227,36
238,The Sandman,226,37
238,The Sandman,185,38
238,The Sandman,61,39
238,The Sandman,36,40
238,The Sandman,257,41
238,The Sandman,102,42
238,The Sandman,77,43
238,The Sandman,187,44
238,The Sandman,235,45
238,The Sandman,255,46
238,The Sandman,288,47
238,The Sandman,186,48
238,The Sandman,107,49
238,The Sandman,220,50
238,The Sandman,267,51
238,The Sandman,201,52
238,The Sandman,33,53
238,The Sandman,286,54
238,The Sandman,54,55
238,The Sandman,234,56
238,The Sandman,38,57
238,The Sandman,152,58
238,The Sandman,246,59
238,The Sandman,32,60
238,The Sandman,299,61
238,The Sandman,130,62
238,The Sandman,62,63
238,The Sandman,235,64
238,The Sandman,195,65
238,The Sandman,291,66
238,The Sandman,84,67
238,The Sandman,213,68
238,The Sandman,83,69
238,The Sandman,190,70
238,The Sandman,142,71
238,The Sandman,109,72
238,The Sandman,255,73
238,The Sandman,60,74
238,The Sandman,143,75
239,The Sandman: The Dream Hunters,260,1
240,Spider-man,183,1
240,Spider-man,65,2
241,Spider-man,258,1
241,Spider-man,289,2
241,Spider-man,50,3
241,Spider-man,72,4
241,Spider-man,267,5
241,Spider-man,54,6
241,Spider-man,165,7
241,Spider-man,125,8
241,Spider-man,97,9
241,Spider-man,257,10
241,Spider-man,217,11
241,Spider-man,139,12
241,Spider-man,47,13
241,Spider-man,145,14
241,Spider-man,241,15
241,Spider-man,259,16
241,Spider-man,199,17
241,Spider-man,274,18
241,Spider-man,39,19
241,Spider-man,38,20
241,Spider-man,281,21
241,Spider-man,148,22
241,Spider-man,177,23
241,Spider-man,36,24
241,Spider-man,288,25
241,Spider-man,248,26
241,Spider-man,74,27
241,Spider-man,171,28
241,Spider-man,193,29
241,Spider-man,135,30
241,Spider-man,160,31
241,Spider-man,157,32
241,Spider-man,288,33
241,Spider-man,169,34
241,Spider-man,142,35
241,Spider-man,282,36
241,Spider-man,229,37
241,Spider-man,84,38
241,Spider-man,189,39
241,Spider-man,276,40
241,Spider-man,145,41
241,Spider-man,230,42
241,Spider-man,285,43
241,Spider-man,240,44
241,Spider-man,159,45
241,Spider-man,42,46
241,Spider-man,136,47
241,Spider-man,81,48
241,Spider-man,191,49
241,Spider-man,271,50
241,Spider-man,190,51
241,Spider-man,264,52
241,Spider-man,198,53
241,Spider-man,205,54
241,Spider-man,220,55
241,Spider-man,132,56
241,Spider-man,62,57
241,Spider-man,97,58
241,Spider-man,277,59
241,Spider-man,54,60
241,Spider-man,235,61
241,Spider-man,90,62
241,Spider-man,170,63
241,Spider-man,271,64
241,Spider-man,194,65
241,Spider-man,225,66
241,Spider-man,119,67
241,Spider-man,292,68
241,Spider-man,261,69
241,Spider-man,259,70
241,Spider-man,54,71
241,Spider-man,73,72
241,Spider-man,99,73
241,Spider-man,46,74
241,Spider-man,132,75
241,Spider-man,244,76
241,Spider-man,101,77
241,Spider-man,136,78
241,Spider-man,238,79
241,Spider-man,50,80
241,Spider-man,194,81
241,Spider-man,191,82
241,Spider-man,160,83
241,Spider-man,110,84
241,Spider-man,128,85
241,Spider-man,246,86
241,Spider-man,282,87
241,Spider-man,114,88
241,Spider-man,232,89
241,Spider-man,98,90
241,Spider-man,165,91
241,Spider-man,74,92
241,Spider-man,136,93
241,Spider-man,292,94
241,Spider-man,112,95
241,Spider-man,147,96
241,Spider-man,227,97
241,Spider-man,270,98
241,Spider-man,156,99
241,Spider-man,156,100
