id_article|raison|delai
5011|Rupture de Stock|32
5012|Pas encore sortie|60
5013|Pas encore sortie|66
5014|Rupture de Stock|42
5015|Pas encore sortie|56
5016|Rupture de Stock|41
5017|Pas encore sortie|15
5018|Rupture de Stock|48
5019|Pas encore sortie|28
5020|Pas encore sortie|25
5021|Rupture de Stock|11
5022|Pas encore sortie|37
5023|Pas encore sortie|62
5024|Rupture de Stock|7
5025|Pas encore sortie|53
5026|Pas encore sortie|45
5027|Rupture de Stock|3
5028|Pas encore sortie|58
5029|Pas encore sortie|38
5030|Pas encore sortie|54
5031|Pas encore sortie|20
5032|Pas encore sortie|27
5033|Rupture de Stock|15
5034|Pas encore sortie|74
5035|Pas encore sortie|8
5036|Rupture de Stock|6
5037|Rupture de Stock|34
5038|Pas encore sortie|73
5039|Pas encore sortie|54
5040|Rupture de Stock|19
5041|Pas encore sortie|57
5042|Pas encore sortie|54
5043|Rupture de Stock|15
5044|Pas encore sortie|31
5045|Rupture de Stock|63
5046|Rupture de Stock|3
5047|Pas encore sortie|52
5048|Pas encore sortie|55
5049|Pas encore sortie|44
5050|Rupture de Stock|27
5051|Pas encore sortie|49
5052|Rupture de Stock|26
5053|Pas encore sortie|48
5054|Rupture de Stock|47
5055|Pas encore sortie|39
5056|Pas encore sortie|25
5057|Pas encore sortie|28
5058|Rupture de Stock|69
5059|Rupture de Stock|23
5060|Pas encore sortie|34
5061|Pas encore sortie|40
5062|Pas encore sortie|22
5063|Pas encore sortie|69
5064|Rupture de Stock|29
5065|Pas encore sortie|51
5066|Rupture de Stock|17
5067|Pas encore sortie|23
5068|Pas encore sortie|74
5069|Pas encore sortie|55
5070|Rupture de Stock|53
5071|Rupture de Stock|32
5072|Pas encore sortie|9
5073|Pas encore sortie|62
5074|Rupture de Stock|45
5075|Pas encore sortie|9
5076|Rupture de Stock|11
5077|Rupture de Stock|6
5078|Rupture de Stock|48
5079|Pas encore sortie|55
5080|Pas encore sortie|50
5081|Pas encore sortie|47
5082|Pas encore sortie|51
5083|Pas encore sortie|12
5084|Pas encore sortie|1
5085|Pas encore sortie|71
5086|Pas encore sortie|75
5087|Rupture de Stock|7
5088|Rupture de Stock|11
5089|Pas encore sortie|12
5090|Rupture de Stock|29
5091|Rupture de Stock|56
5092|Pas encore sortie|67
5093|Rupture de Stock|55
5094|Rupture de Stock|4
5095|Rupture de Stock|62
5096|Pas encore sortie|4
5097|Pas encore sortie|64
5098|Rupture de Stock|69
5099|Pas encore sortie|61
5100|Pas encore sortie|11
5101|Rupture de Stock|22
5102|Rupture de Stock|45
5103|Pas encore sortie|20
5104|Pas encore sortie|71
5105|Rupture de Stock|33
5106|Pas encore sortie|16
5107|Rupture de Stock|24
5108|Rupture de Stock|67
5109|Pas encore sortie|28
5110|Rupture de Stock|66
5111|Rupture de Stock|48
5112|Rupture de Stock|65
5113|Pas encore sortie|15
5114|Pas encore sortie|66
5115|Pas encore sortie|33
5116|Rupture de Stock|50
5117|Pas encore sortie|60
5118|Pas encore sortie|41
5119|Pas encore sortie|62
5120|Pas encore sortie|38
5121|Rupture de Stock|73
5122|Rupture de Stock|2
5123|Rupture de Stock|66
5124|Pas encore sortie|60
5125|Pas encore sortie|17
5126|Rupture de Stock|10
5127|Pas encore sortie|47
5128|Pas encore sortie|47
5129|Pas encore sortie|15
5130|Pas encore sortie|43
5131|Pas encore sortie|47
5132|Rupture de Stock|3
5133|Rupture de Stock|57
5134|Pas encore sortie|17
5135|Rupture de Stock|22
5136|Rupture de Stock|54
5137|Pas encore sortie|34
5138|Pas encore sortie|69
5139|Rupture de Stock|65
5140|Rupture de Stock|60
5141|Pas encore sortie|32
5142|Pas encore sortie|21
5143|Pas encore sortie|66
5144|Rupture de Stock|54
5145|Rupture de Stock|32
5146|Rupture de Stock|45
5147|Pas encore sortie|28
5148|Rupture de Stock|38
5149|Rupture de Stock|14
5150|Rupture de Stock|75
5151|Rupture de Stock|41
5152|Pas encore sortie|20
5153|Rupture de Stock|40
5154|Pas encore sortie|7
5155|Pas encore sortie|27
5156|Rupture de Stock|25
5157|Rupture de Stock|55
5158|Rupture de Stock|63
5159|Pas encore sortie|13
5160|Rupture de Stock|32
5161|Pas encore sortie|60
5162|Pas encore sortie|26
5163|Rupture de Stock|75
5164|Pas encore sortie|37
5165|Pas encore sortie|74
5166|Pas encore sortie|64
5167|Rupture de Stock|7
5168|Rupture de Stock|38
5169|Rupture de Stock|6
5170|Rupture de Stock|25
5171|Pas encore sortie|25
5172|Rupture de Stock|67
5173|Rupture de Stock|24
5174|Rupture de Stock|56
5175|Rupture de Stock|18
5176|Pas encore sortie|31
5177|Pas encore sortie|2
5178|Rupture de Stock|22
5179|Rupture de Stock|63
5180|Rupture de Stock|52
5181|Pas encore sortie|18
5182|Rupture de Stock|47
5183|Rupture de Stock|51
5184|Rupture de Stock|38
5185|Pas encore sortie|29
5186|Pas encore sortie|18
5187|Rupture de Stock|70
5188|Pas encore sortie|22
5189|Pas encore sortie|48
5190|Rupture de Stock|44
5191|Rupture de Stock|70
5192|Pas encore sortie|64
5193|Rupture de Stock|10
5194|Pas encore sortie|42
5195|Rupture de Stock|53
5196|Pas encore sortie|69
5197|Pas encore sortie|12
5198|Pas encore sortie|72
5199|Rupture de Stock|38
5200|Pas encore sortie|1
5201|Rupture de Stock|54
5202|Pas encore sortie|64
5203|Rupture de Stock|68
5204|Pas encore sortie|47
5205|Pas encore sortie|15
5206|Pas encore sortie|70
5207|Rupture de Stock|36
5208|Rupture de Stock|17
5209|Rupture de Stock|27
5210|Pas encore sortie|18
5211|Rupture de Stock|63
5212|Pas encore sortie|66
5213|Pas encore sortie|44
5214|Pas encore sortie|42
5215|Rupture de Stock|33
5216|Rupture de Stock|32
5217|Rupture de Stock|42
5218|Rupture de Stock|18
5219|Rupture de Stock|7
5220|Pas encore sortie|27
5221|Rupture de Stock|24
5222|Pas encore sortie|56
5223|Rupture de Stock|70
5224|Pas encore sortie|69
5225|Rupture de Stock|41
5226|Pas encore sortie|75
5227|Pas encore sortie|19
5228|Rupture de Stock|50
5229|Pas encore sortie|34
5230|Pas encore sortie|5
5231|Pas encore sortie|29
5232|Pas encore sortie|26
5233|Pas encore sortie|67
5234|Pas encore sortie|26
5235|Rupture de Stock|70
5236|Pas encore sortie|58
5237|Pas encore sortie|55
5238|Rupture de Stock|50
5239|Pas encore sortie|27
5240|Pas encore sortie|22
5241|Rupture de Stock|14
5242|Rupture de Stock|9
5243|Pas encore sortie|20
5244|Pas encore sortie|28
5245|Rupture de Stock|48
5246|Rupture de Stock|44
5247|Pas encore sortie|65
5248|Pas encore sortie|40
5249|Rupture de Stock|20
5250|Rupture de Stock|49
5251|Pas encore sortie|55
5252|Pas encore sortie|59
5253|Pas encore sortie|34
5254|Pas encore sortie|39
5255|Rupture de Stock|17
5256|Pas encore sortie|60
5257|Pas encore sortie|24
5258|Rupture de Stock|16
5259|Rupture de Stock|59
5260|Pas encore sortie|58
5261|Rupture de Stock|7
5262|Rupture de Stock|57
5263|Pas encore sortie|3
5264|Rupture de Stock|33
5265|Rupture de Stock|20
5266|Rupture de Stock|20
5267|Rupture de Stock|36
5268|Rupture de Stock|13
5269|Rupture de Stock|20
5270|Rupture de Stock|41
5271|Rupture de Stock|64
5272|Pas encore sortie|46
5273|Pas encore sortie|47
5274|Pas encore sortie|62
5275|Rupture de Stock|71
5276|Pas encore sortie|8
5277|Rupture de Stock|16
5278|Rupture de Stock|43
5279|Pas encore sortie|53
5280|Rupture de Stock|65
5281|Rupture de Stock|75
5282|Pas encore sortie|56
5283|Pas encore sortie|8
5284|Pas encore sortie|54
5285|Rupture de Stock|16
5286|Pas encore sortie|30
5287|Rupture de Stock|27
5288|Rupture de Stock|16
5289|Pas encore sortie|17
5290|Pas encore sortie|66
5291|Rupture de Stock|62
5292|Rupture de Stock|40
5293|Pas encore sortie|60
5294|Pas encore sortie|25
5295|Rupture de Stock|56
5296|Rupture de Stock|10
5297|Rupture de Stock|15
5298|Rupture de Stock|33
5299|Rupture de Stock|60
5300|Rupture de Stock|45
5301|Pas encore sortie|18
5302|Pas encore sortie|34
5303|Pas encore sortie|30
5304|Pas encore sortie|65
5305|Pas encore sortie|27
5306|Pas encore sortie|74
5307|Pas encore sortie|38
5308|Pas encore sortie|70
5309|Rupture de Stock|42
5310|Pas encore sortie|44
5311|Rupture de Stock|6
5312|Rupture de Stock|5
5313|Pas encore sortie|11
5314|Rupture de Stock|39
5315|Pas encore sortie|45
5316|Pas encore sortie|59
5317|Rupture de Stock|48
5318|Pas encore sortie|32
5319|Rupture de Stock|68
5320|Rupture de Stock|50
5321|Pas encore sortie|27
5322|Pas encore sortie|74
5323|Pas encore sortie|65
5324|Pas encore sortie|48
5325|Pas encore sortie|27
5326|Pas encore sortie|54
5327|Pas encore sortie|15
5328|Pas encore sortie|27
5329|Pas encore sortie|25
5330|Rupture de Stock|75
5331|Rupture de Stock|47
5332|Rupture de Stock|2
5333|Rupture de Stock|39
5334|Pas encore sortie|63
5335|Pas encore sortie|10
5336|Pas encore sortie|40
5337|Rupture de Stock|17
5338|Rupture de Stock|37
5339|Rupture de Stock|57
5340|Pas encore sortie|41
5341|Pas encore sortie|2
5342|Pas encore sortie|3
5343|Pas encore sortie|72
5344|Rupture de Stock|35
5345|Rupture de Stock|37
5346|Rupture de Stock|11
5347|Rupture de Stock|52
5348|Pas encore sortie|40
5349|Pas encore sortie|70
5350|Pas encore sortie|47
5351|Rupture de Stock|53
5352|Pas encore sortie|5
5353|Rupture de Stock|69
5354|Rupture de Stock|27
5355|Rupture de Stock|36
5356|Pas encore sortie|22
5357|Rupture de Stock|59
5358|Pas encore sortie|37
5359|Pas encore sortie|1
5360|Pas encore sortie|62
5361|Rupture de Stock|54
5362|Rupture de Stock|45
5363|Rupture de Stock|12
5364|Pas encore sortie|30
5365|Pas encore sortie|66
5366|Rupture de Stock|72
5367|Pas encore sortie|65
5368|Rupture de Stock|36
5369|Rupture de Stock|66
5370|Rupture de Stock|31
5371|Rupture de Stock|10
5372|Pas encore sortie|72
5373|Rupture de Stock|48
5374|Pas encore sortie|8
5375|Pas encore sortie|67
5376|Pas encore sortie|58
5377|Pas encore sortie|16
5378|Pas encore sortie|46
5379|Pas encore sortie|51
5380|Pas encore sortie|15
5381|Pas encore sortie|47
5382|Pas encore sortie|52
5383|Rupture de Stock|42
5384|Pas encore sortie|6
5385|Pas encore sortie|64
5386|Pas encore sortie|30
5387|Rupture de Stock|50
5388|Rupture de Stock|34
5389|Pas encore sortie|27
5390|Rupture de Stock|64
5391|Pas encore sortie|18
5392|Rupture de Stock|30
5393|Pas encore sortie|41
5394|Pas encore sortie|56
5395|Pas encore sortie|54
5396|Rupture de Stock|67
5397|Rupture de Stock|18
5398|Pas encore sortie|67
5399|Rupture de Stock|56
5400|Pas encore sortie|64
5401|Pas encore sortie|50
5402|Rupture de Stock|45
5403|Rupture de Stock|58
5404|Rupture de Stock|24
5405|Rupture de Stock|25
5406|Pas encore sortie|47
5407|Pas encore sortie|38
5408|Pas encore sortie|15
5409|Rupture de Stock|46
5410|Pas encore sortie|7
5411|Rupture de Stock|47
5412|Rupture de Stock|52
5413|Rupture de Stock|52
5414|Pas encore sortie|64
5415|Rupture de Stock|2
5416|Rupture de Stock|60
5417|Pas encore sortie|45
5418|Rupture de Stock|8
5419|Pas encore sortie|17
5420|Pas encore sortie|45
5421|Rupture de Stock|52
5422|Pas encore sortie|29
5423|Pas encore sortie|67
5424|Rupture de Stock|34
5425|Pas encore sortie|2
5426|Pas encore sortie|45
5427|Pas encore sortie|22
5428|Rupture de Stock|25
5429|Rupture de Stock|2
5430|Pas encore sortie|72
5431|Rupture de Stock|12
5432|Pas encore sortie|44
5433|Pas encore sortie|22
5434|Rupture de Stock|67
5435|Pas encore sortie|66
5436|Rupture de Stock|57
5437|Rupture de Stock|11
5438|Rupture de Stock|1
5439|Rupture de Stock|62
5440|Pas encore sortie|72
5441|Rupture de Stock|51
5442|Rupture de Stock|23
5443|Rupture de Stock|25
5444|Pas encore sortie|68
5445|Rupture de Stock|12
5446|Rupture de Stock|61
5447|Pas encore sortie|50
5448|Rupture de Stock|41
5449|Pas encore sortie|42
5450|Rupture de Stock|51
5451|Pas encore sortie|53
5452|Rupture de Stock|41
5453|Pas encore sortie|29
5454|Pas encore sortie|40
5455|Rupture de Stock|57
5456|Pas encore sortie|1
5457|Rupture de Stock|14
5458|Pas encore sortie|35
5459|Pas encore sortie|51
5460|Rupture de Stock|19
5461|Rupture de Stock|60
5462|Rupture de Stock|33
5463|Pas encore sortie|28
5464|Pas encore sortie|52
5465|Rupture de Stock|64
5466|Rupture de Stock|10
5467|Pas encore sortie|53
5468|Rupture de Stock|42
5469|Rupture de Stock|38
5470|Rupture de Stock|45
5471|Rupture de Stock|58
5472|Rupture de Stock|53
5473|Rupture de Stock|64
5474|Pas encore sortie|63
5475|Pas encore sortie|16
5476|Rupture de Stock|36
5477|Pas encore sortie|24
5478|Rupture de Stock|54
5479|Rupture de Stock|40
5480|Rupture de Stock|40
5481|Pas encore sortie|35
5482|Rupture de Stock|73
5483|Pas encore sortie|15
5484|Pas encore sortie|34
5485|Pas encore sortie|13
5486|Rupture de Stock|48
5487|Pas encore sortie|58
5488|Pas encore sortie|51
5489|Pas encore sortie|63
5490|Rupture de Stock|33
5491|Pas encore sortie|29
5492|Pas encore sortie|27
5493|Pas encore sortie|43
5494|Pas encore sortie|37
5495|Rupture de Stock|60
5496|Pas encore sortie|63
5497|Rupture de Stock|33
5498|Rupture de Stock|39
5499|Rupture de Stock|35
5500|Pas encore sortie|22
5501|Pas encore sortie|28
5502|Rupture de Stock|59
5503|Rupture de Stock|12
5504|Pas encore sortie|16
5505|Rupture de Stock|22
5506|Pas encore sortie|18
5507|Pas encore sortie|68
5508|Pas encore sortie|60
5509|Pas encore sortie|64
5510|Pas encore sortie|21
5511|Pas encore sortie|55
5512|Rupture de Stock|40
5513|Pas encore sortie|18
5514|Rupture de Stock|26
5515|Pas encore sortie|52
5516|Rupture de Stock|15
5517|Pas encore sortie|56
5518|Rupture de Stock|58
5519|Rupture de Stock|24
5520|Pas encore sortie|46
5521|Rupture de Stock|68
5522|Pas encore sortie|2
5523|Pas encore sortie|67
5524|Rupture de Stock|70
5525|Pas encore sortie|62
5526|Pas encore sortie|50
5527|Rupture de Stock|43
5528|Pas encore sortie|48
5529|Rupture de Stock|17
5530|Pas encore sortie|58
5531|Rupture de Stock|28
5532|Rupture de Stock|12
5533|Pas encore sortie|4
5534|Rupture de Stock|8
5535|Pas encore sortie|27
5536|Pas encore sortie|38
5537|Pas encore sortie|15
5538|Rupture de Stock|64
5539|Pas encore sortie|21
5540|Rupture de Stock|40
5541|Rupture de Stock|72
5542|Rupture de Stock|32
5543|Pas encore sortie|40
5544|Rupture de Stock|24
5545|Rupture de Stock|2
5546|Pas encore sortie|71
5547|Pas encore sortie|36
5548|Rupture de Stock|10
5549|Pas encore sortie|47
5550|Rupture de Stock|51
5551|Rupture de Stock|74
5552|Rupture de Stock|75
5553|Rupture de Stock|54
5554|Pas encore sortie|72
5555|Rupture de Stock|35
5556|Pas encore sortie|27
5557|Rupture de Stock|62
5558|Pas encore sortie|71
5559|Pas encore sortie|57
5560|Pas encore sortie|73
5561|Rupture de Stock|42
5562|Rupture de Stock|65
5563|Rupture de Stock|39
5564|Rupture de Stock|70
5565|Rupture de Stock|12
5566|Pas encore sortie|67
5567|Rupture de Stock|54
5568|Rupture de Stock|12
5569|Pas encore sortie|46
5570|Pas encore sortie|6
5571|Rupture de Stock|70
5572|Pas encore sortie|20
5573|Pas encore sortie|45
5574|Pas encore sortie|75
5575|Pas encore sortie|3
5576|Rupture de Stock|50
5577|Pas encore sortie|3
5578|Rupture de Stock|59
5579|Pas encore sortie|15
5580|Pas encore sortie|72
5581|Rupture de Stock|2
5582|Rupture de Stock|54
5583|Rupture de Stock|22
5584|Pas encore sortie|55
5585|Pas encore sortie|37
5586|Rupture de Stock|70
5587|Rupture de Stock|25
5588|Rupture de Stock|4
5589|Pas encore sortie|38
5590|Pas encore sortie|71
5591|Rupture de Stock|38
5592|Rupture de Stock|21
5593|Rupture de Stock|44
5594|Rupture de Stock|10
5595|Pas encore sortie|58
5596|Rupture de Stock|24
5597|Rupture de Stock|64
5598|Rupture de Stock|50
5599|Pas encore sortie|51
5600|Pas encore sortie|40
5601|Rupture de Stock|17
5602|Pas encore sortie|19
5603|Rupture de Stock|49
5604|Pas encore sortie|9
5605|Pas encore sortie|40
5606|Pas encore sortie|11
5607|Pas encore sortie|58
5608|Rupture de Stock|43
5609|Pas encore sortie|23
5610|Pas encore sortie|34
5611|Rupture de Stock|3
5612|Pas encore sortie|24
5613|Rupture de Stock|54
5614|Pas encore sortie|18
5615|Rupture de Stock|61
5616|Pas encore sortie|7
5617|Pas encore sortie|72
5618|Pas encore sortie|48
5619|Pas encore sortie|25
5620|Pas encore sortie|35
5621|Rupture de Stock|37
5622|Pas encore sortie|38
5623|Rupture de Stock|8
5624|Rupture de Stock|42
5625|Pas encore sortie|23
5626|Rupture de Stock|29
5627|Rupture de Stock|66
5628|Pas encore sortie|10
5629|Rupture de Stock|19
5630|Pas encore sortie|23
5631|Rupture de Stock|47
5632|Rupture de Stock|47
5633|Rupture de Stock|38
5634|Pas encore sortie|51
5635|Pas encore sortie|24
5636|Pas encore sortie|64
5637|Rupture de Stock|42
5638|Rupture de Stock|40
5639|Rupture de Stock|51
5640|Rupture de Stock|6
5641|Rupture de Stock|27
5642|Pas encore sortie|55
5643|Rupture de Stock|54
5644|Rupture de Stock|53
5645|Rupture de Stock|61
5646|Pas encore sortie|18
5647|Pas encore sortie|18
5648|Rupture de Stock|73
5649|Pas encore sortie|51
5650|Pas encore sortie|35
5651|Rupture de Stock|4
5652|Rupture de Stock|43
5653|Rupture de Stock|13
5654|Rupture de Stock|21
5655|Rupture de Stock|12
5656|Rupture de Stock|67
5657|Pas encore sortie|39
5658|Rupture de Stock|5
5659|Pas encore sortie|63
5660|Rupture de Stock|66
5661|Pas encore sortie|23
5662|Rupture de Stock|39
5663|Rupture de Stock|60
5664|Rupture de Stock|67
5665|Pas encore sortie|9
5666|Pas encore sortie|66
5667|Rupture de Stock|3
5668|Pas encore sortie|68
5669|Rupture de Stock|46
5670|Rupture de Stock|39
5671|Rupture de Stock|7
5672|Pas encore sortie|74
5673|Pas encore sortie|20
5674|Pas encore sortie|35
5675|Pas encore sortie|52
5676|Pas encore sortie|57
5677|Pas encore sortie|49
5678|Pas encore sortie|44
5679|Pas encore sortie|38
5680|Rupture de Stock|13
5681|Rupture de Stock|16
5682|Pas encore sortie|41
5683|Pas encore sortie|19
5684|Rupture de Stock|42
5685|Pas encore sortie|49
5686|Rupture de Stock|19
5687|Pas encore sortie|65
5688|Rupture de Stock|21
5689|Pas encore sortie|67
5690|Rupture de Stock|42
5691|Rupture de Stock|42
5692|Pas encore sortie|22
5693|Pas encore sortie|50
5694|Pas encore sortie|4
5695|Pas encore sortie|31
5696|Rupture de Stock|62
5697|Pas encore sortie|9
5698|Pas encore sortie|66
5699|Pas encore sortie|3
5700|Pas encore sortie|27
5701|Rupture de Stock|61
5702|Rupture de Stock|1
5703|Pas encore sortie|59
5704|Pas encore sortie|34
5705|Pas encore sortie|10
5706|Pas encore sortie|53
5707|Pas encore sortie|63
5708|Pas encore sortie|21
5709|Rupture de Stock|3
5710|Pas encore sortie|22
5711|Rupture de Stock|71
5712|Rupture de Stock|20
5713|Pas encore sortie|55
5714|Pas encore sortie|2
5715|Pas encore sortie|38
5716|Pas encore sortie|59
5717|Rupture de Stock|70
5718|Pas encore sortie|6
5719|Rupture de Stock|26
5720|Pas encore sortie|56
5721|Rupture de Stock|57
5722|Pas encore sortie|68
5723|Rupture de Stock|60
5724|Pas encore sortie|30
5725|Rupture de Stock|50
5726|Pas encore sortie|40
5727|Rupture de Stock|68
5728|Pas encore sortie|22
5729|Rupture de Stock|35
5730|Pas encore sortie|29
5731|Pas encore sortie|19
5732|Rupture de Stock|62
5733|Pas encore sortie|34
5734|Pas encore sortie|8
5735|Pas encore sortie|13
5736|Pas encore sortie|29
5737|Pas encore sortie|16
5738|Rupture de Stock|52
5739|Pas encore sortie|28
5740|Rupture de Stock|75
5741|Pas encore sortie|44
5742|Pas encore sortie|27
5743|Rupture de Stock|23
5744|Pas encore sortie|41
5745|Pas encore sortie|12
5746|Pas encore sortie|23
5747|Rupture de Stock|23
5748|Rupture de Stock|6
5749|Pas encore sortie|61
5750|Rupture de Stock|3
5751|Rupture de Stock|3
5752|Pas encore sortie|18
5753|Pas encore sortie|28
5754|Pas encore sortie|75
5755|Pas encore sortie|36
5756|Rupture de Stock|58
5757|Pas encore sortie|34
5758|Pas encore sortie|33
5759|Rupture de Stock|8
5760|Rupture de Stock|32
5761|Rupture de Stock|27
5762|Pas encore sortie|28
5763|Rupture de Stock|4
5764|Rupture de Stock|18
5765|Rupture de Stock|69
5766|Pas encore sortie|74
5767|Pas encore sortie|17
5768|Pas encore sortie|12
5769|Rupture de Stock|72
5770|Rupture de Stock|38
5771|Rupture de Stock|45
5772|Rupture de Stock|47
5773|Pas encore sortie|58
5774|Rupture de Stock|49
5775|Pas encore sortie|28
5776|Rupture de Stock|59
5777|Pas encore sortie|26
5778|Pas encore sortie|49
5779|Rupture de Stock|53
5780|Rupture de Stock|41
5781|Rupture de Stock|8
5782|Rupture de Stock|11
5783|Pas encore sortie|74
5784|Pas encore sortie|37
5785|Rupture de Stock|55
5786|Pas encore sortie|69
5787|Rupture de Stock|72
5788|Rupture de Stock|14
5789|Rupture de Stock|32
5790|Rupture de Stock|53
5791|Rupture de Stock|51
5792|Pas encore sortie|62
5793|Rupture de Stock|65
5794|Pas encore sortie|62
5795|Rupture de Stock|23
5796|Rupture de Stock|23
5797|Rupture de Stock|23
5798|Rupture de Stock|30
5799|Pas encore sortie|23
5800|Rupture de Stock|70
5801|Rupture de Stock|5
5802|Pas encore sortie|57
5803|Rupture de Stock|28
5804|Pas encore sortie|6
5805|Pas encore sortie|17
5806|Pas encore sortie|14
5807|Pas encore sortie|75
5808|Rupture de Stock|15
5809|Rupture de Stock|55
5810|Rupture de Stock|66
5811|Pas encore sortie|16
5812|Pas encore sortie|3
5813|Pas encore sortie|4
5814|Pas encore sortie|19
5815|Pas encore sortie|60
5816|Rupture de Stock|47
5817|Pas encore sortie|9
5818|Rupture de Stock|74
5819|Pas encore sortie|22
5820|Rupture de Stock|22
5821|Rupture de Stock|18
5822|Rupture de Stock|30
5823|Rupture de Stock|28
5824|Pas encore sortie|13
5825|Rupture de Stock|67
5826|Pas encore sortie|8
5827|Pas encore sortie|48
5828|Pas encore sortie|23
5829|Pas encore sortie|26
5830|Pas encore sortie|49
5831|Rupture de Stock|66
5832|Pas encore sortie|56
5833|Pas encore sortie|36
5834|Rupture de Stock|12
5835|Pas encore sortie|44
5836|Pas encore sortie|34
5837|Rupture de Stock|20
5838|Pas encore sortie|19
5839|Rupture de Stock|12
5840|Pas encore sortie|68
5841|Pas encore sortie|23
5842|Rupture de Stock|36
5843|Pas encore sortie|9
5844|Rupture de Stock|42
5845|Rupture de Stock|66
5846|Pas encore sortie|18
5847|Rupture de Stock|22
5848|Pas encore sortie|74
5849|Rupture de Stock|43
5850|Rupture de Stock|69
5851|Rupture de Stock|65
5852|Rupture de Stock|44
5853|Pas encore sortie|66
5854|Pas encore sortie|47
5855|Pas encore sortie|68
5856|Rupture de Stock|26
5857|Pas encore sortie|51
5858|Pas encore sortie|64
5859|Pas encore sortie|27
5860|Pas encore sortie|14
5861|Pas encore sortie|64
5862|Rupture de Stock|3
5863|Pas encore sortie|1
5864|Pas encore sortie|18
5865|Rupture de Stock|64
5866|Rupture de Stock|26
5867|Pas encore sortie|27
5868|Rupture de Stock|71
5869|Pas encore sortie|33
5870|Pas encore sortie|32
5871|Rupture de Stock|73
5872|Pas encore sortie|60
5873|Pas encore sortie|20
5874|Pas encore sortie|60
5875|Pas encore sortie|20
5876|Pas encore sortie|36
5877|Rupture de Stock|53
5878|Pas encore sortie|31
5879|Rupture de Stock|44
5880|Rupture de Stock|68
5881|Rupture de Stock|45
5882|Rupture de Stock|14
5883|Pas encore sortie|9
5884|Pas encore sortie|75
5885|Rupture de Stock|11
5886|Rupture de Stock|3
5887|Pas encore sortie|65
5888|Rupture de Stock|8
5889|Rupture de Stock|51
5890|Pas encore sortie|9
5891|Rupture de Stock|9
5892|Rupture de Stock|41
5893|Pas encore sortie|59
5894|Rupture de Stock|9
5895|Pas encore sortie|41
5896|Rupture de Stock|61
5897|Pas encore sortie|71
5898|Pas encore sortie|2
5899|Pas encore sortie|47
5900|Rupture de Stock|1
5901|Pas encore sortie|25
5902|Rupture de Stock|18
5903|Pas encore sortie|28
5904|Rupture de Stock|72
5905|Rupture de Stock|64
5906|Pas encore sortie|9
5907|Pas encore sortie|16
5908|Rupture de Stock|26
5909|Rupture de Stock|26
5910|Rupture de Stock|53
5911|Pas encore sortie|46
5912|Rupture de Stock|55
5913|Rupture de Stock|75
5914|Pas encore sortie|46
5915|Rupture de Stock|11
5916|Pas encore sortie|37
5917|Pas encore sortie|49
5918|Rupture de Stock|56
5919|Pas encore sortie|5
5920|Pas encore sortie|8
5921|Pas encore sortie|31
5922|Rupture de Stock|54
5923|Pas encore sortie|13
5924|Pas encore sortie|17
5925|Pas encore sortie|55
5926|Rupture de Stock|45
5927|Rupture de Stock|45
5928|Pas encore sortie|38
5929|Pas encore sortie|49
5930|Rupture de Stock|42
5931|Rupture de Stock|66
5932|Pas encore sortie|63
5933|Rupture de Stock|28
5934|Rupture de Stock|68
5935|Pas encore sortie|20
5936|Rupture de Stock|45
5937|Rupture de Stock|59
5938|Pas encore sortie|8
5939|Rupture de Stock|62
5940|Pas encore sortie|29
5941|Pas encore sortie|54
5942|Pas encore sortie|22
5943|Pas encore sortie|69
5944|Pas encore sortie|66
5945|Rupture de Stock|51
5946|Pas encore sortie|64
5947|Rupture de Stock|57
5948|Pas encore sortie|8
5949|Rupture de Stock|49
5950|Pas encore sortie|30
5951|Rupture de Stock|10
5952|Rupture de Stock|62
5953|Pas encore sortie|61
5954|Rupture de Stock|48
5955|Rupture de Stock|65
5956|Pas encore sortie|44
5957|Pas encore sortie|16
5958|Rupture de Stock|75
5959|Pas encore sortie|21
5960|Rupture de Stock|62
5961|Pas encore sortie|62
5962|Rupture de Stock|2
5963|Pas encore sortie|37
5964|Pas encore sortie|10
5965|Pas encore sortie|38
5966|Pas encore sortie|70
5967|Pas encore sortie|49
5968|Pas encore sortie|7
5969|Rupture de Stock|13
5970|Rupture de Stock|24
5971|Rupture de Stock|71
5972|Pas encore sortie|36
5973|Rupture de Stock|12
5974|Pas encore sortie|19
5975|Pas encore sortie|55
5976|Pas encore sortie|10
5977|Rupture de Stock|73
5978|Pas encore sortie|7
5979|Rupture de Stock|65
5980|Pas encore sortie|10
5981|Pas encore sortie|33
5982|Pas encore sortie|58
5983|Rupture de Stock|73
5984|Pas encore sortie|23
5985|Rupture de Stock|44
5986|Pas encore sortie|5
5987|Rupture de Stock|68
5988|Pas encore sortie|61
5989|Pas encore sortie|65
5990|Rupture de Stock|30
5991|Rupture de Stock|12
5992|Pas encore sortie|40
5993|Pas encore sortie|3
5994|Pas encore sortie|71
5995|Rupture de Stock|33
5996|Rupture de Stock|18
5997|Rupture de Stock|67
5998|Rupture de Stock|30
5999|Pas encore sortie|21
6000|Rupture de Stock|9
6001|Rupture de Stock|32
6002|Rupture de Stock|52
6003|Pas encore sortie|48
6004|Rupture de Stock|17
6005|Rupture de Stock|7
6006|Rupture de Stock|29
6007|Pas encore sortie|15
6008|Rupture de Stock|29
6009|Pas encore sortie|3
6010|Pas encore sortie|56
6011|Pas encore sortie|5
6012|Pas encore sortie|74
6013|Pas encore sortie|71
6014|Rupture de Stock|54
6015|Pas encore sortie|24
6016|Pas encore sortie|69
6017|Rupture de Stock|68
6018|Rupture de Stock|35
6019|Pas encore sortie|74
6020|Pas encore sortie|29
6021|Rupture de Stock|61
6022|Pas encore sortie|53
6023|Rupture de Stock|62
6024|Pas encore sortie|63
6025|Pas encore sortie|16
6026|Pas encore sortie|43
6027|Rupture de Stock|55
6028|Rupture de Stock|54
6029|Rupture de Stock|26
6030|Rupture de Stock|11
6031|Pas encore sortie|33
6032|Pas encore sortie|28
6033|Rupture de Stock|41
6034|Rupture de Stock|21
6035|Pas encore sortie|40
6036|Pas encore sortie|63
6037|Rupture de Stock|56
6038|Pas encore sortie|25
6039|Pas encore sortie|14
6040|Rupture de Stock|38
6041|Pas encore sortie|28
6042|Rupture de Stock|41
6043|Rupture de Stock|11
6044|Pas encore sortie|6
6045|Pas encore sortie|65
6046|Rupture de Stock|8
6047|Pas encore sortie|46
6048|Pas encore sortie|46
6049|Pas encore sortie|19
6050|Rupture de Stock|32
6051|Rupture de Stock|35
6052|Pas encore sortie|65
6053|Rupture de Stock|14
6054|Pas encore sortie|62
6055|Rupture de Stock|18
6056|Rupture de Stock|32
6057|Pas encore sortie|62
6058|Rupture de Stock|30
6059|Rupture de Stock|46
6060|Pas encore sortie|17
6061|Rupture de Stock|38
6062|Pas encore sortie|5
6063|Pas encore sortie|54
6064|Rupture de Stock|18
6065|Pas encore sortie|4
6066|Rupture de Stock|68
6067|Pas encore sortie|16
6068|Pas encore sortie|32
6069|Rupture de Stock|22
6070|Rupture de Stock|42
6071|Pas encore sortie|34
6072|Pas encore sortie|71
6073|Pas encore sortie|19
6074|Pas encore sortie|43
6075|Pas encore sortie|41
6076|Rupture de Stock|27
6077|Pas encore sortie|21
6078|Pas encore sortie|60
6079|Rupture de Stock|20
6080|Pas encore sortie|23
6081|Rupture de Stock|14
6082|Rupture de Stock|73
6083|Rupture de Stock|14
6084|Pas encore sortie|9
6085|Rupture de Stock|34
6086|Rupture de Stock|2
6087|Rupture de Stock|72
6088|Rupture de Stock|33
6089|Pas encore sortie|57
6090|Pas encore sortie|44
6091|Pas encore sortie|10
6092|Pas encore sortie|28
6093|Rupture de Stock|70
6094|Rupture de Stock|65
6095|Pas encore sortie|6
6096|Pas encore sortie|39
6097|Rupture de Stock|35
6098|Rupture de Stock|69
6099|Rupture de Stock|1
6100|Rupture de Stock|9
6101|Pas encore sortie|27
6102|Rupture de Stock|46
6103|Rupture de Stock|69
6104|Pas encore sortie|36
6105|Pas encore sortie|19
6106|Rupture de Stock|22
6107|Rupture de Stock|36
6108|Pas encore sortie|29
6109|Pas encore sortie|47
6110|Rupture de Stock|31
6111|Rupture de Stock|55
6112|Rupture de Stock|15
6113|Pas encore sortie|29
6114|Pas encore sortie|33
6115|Pas encore sortie|71
6116|Rupture de Stock|7
6117|Pas encore sortie|20
6118|Pas encore sortie|50
6119|Pas encore sortie|12
6120|Rupture de Stock|25
6121|Pas encore sortie|53
6122|Rupture de Stock|58
6123|Rupture de Stock|32
6124|Pas encore sortie|43
6125|Rupture de Stock|64
6126|Pas encore sortie|46
6127|Rupture de Stock|59
6128|Pas encore sortie|70
6129|Rupture de Stock|49
6130|Rupture de Stock|17
6131|Pas encore sortie|5
6132|Pas encore sortie|55
6133|Rupture de Stock|8
6134|Rupture de Stock|27
6135|Pas encore sortie|38
6136|Rupture de Stock|39
6137|Pas encore sortie|7
6138|Rupture de Stock|21
6139|Pas encore sortie|40
6140|Pas encore sortie|74
6141|Rupture de Stock|47
6142|Pas encore sortie|67
6143|Pas encore sortie|63
6144|Rupture de Stock|37
6145|Rupture de Stock|48
6146|Pas encore sortie|37
6147|Pas encore sortie|75
6148|Rupture de Stock|4
6149|Rupture de Stock|25
6150|Rupture de Stock|19
6151|Rupture de Stock|21
6152|Pas encore sortie|5
6153|Rupture de Stock|3
6154|Pas encore sortie|67
6155|Rupture de Stock|72
6156|Pas encore sortie|13
6157|Pas encore sortie|10
6158|Pas encore sortie|51
6159|Rupture de Stock|19
6160|Rupture de Stock|9
6161|Pas encore sortie|22
6162|Pas encore sortie|58
6163|Pas encore sortie|45
6164|Pas encore sortie|12
6165|Rupture de Stock|40
6166|Pas encore sortie|62
6167|Rupture de Stock|45
6168|Pas encore sortie|66
6169|Rupture de Stock|37
6170|Pas encore sortie|58
6171|Pas encore sortie|7
6172|Pas encore sortie|66
6173|Pas encore sortie|2
6174|Pas encore sortie|35
6175|Pas encore sortie|4
6176|Rupture de Stock|34
6177|Rupture de Stock|51
6178|Rupture de Stock|28
6179|Rupture de Stock|58
6180|Pas encore sortie|54
6181|Rupture de Stock|75
6182|Rupture de Stock|34
6183|Rupture de Stock|20
6184|Pas encore sortie|12
6185|Pas encore sortie|51
6186|Rupture de Stock|38
6187|Pas encore sortie|36
6188|Pas encore sortie|55
6189|Rupture de Stock|53
6190|Rupture de Stock|22
6191|Rupture de Stock|67
6192|Rupture de Stock|66
6193|Pas encore sortie|51
6194|Pas encore sortie|38
6195|Rupture de Stock|53
6196|Rupture de Stock|56
6197|Pas encore sortie|12
6198|Pas encore sortie|20
6199|Pas encore sortie|51
6200|Pas encore sortie|23
6201|Rupture de Stock|33
6202|Rupture de Stock|32
6203|Pas encore sortie|70
6204|Pas encore sortie|21
6205|Pas encore sortie|68
6206|Pas encore sortie|41
6207|Rupture de Stock|34
6208|Pas encore sortie|37
6209|Rupture de Stock|41
6210|Rupture de Stock|57
6211|Rupture de Stock|43
6212|Rupture de Stock|53
6213|Rupture de Stock|20
6214|Rupture de Stock|67
6215|Rupture de Stock|47
6216|Rupture de Stock|43
6217|Pas encore sortie|5
6218|Rupture de Stock|42
6219|Rupture de Stock|56
6220|Rupture de Stock|21
6221|Rupture de Stock|47
6222|Rupture de Stock|28
6223|Pas encore sortie|48
6224|Rupture de Stock|44
6225|Rupture de Stock|35
6226|Rupture de Stock|9
6227|Pas encore sortie|35
6228|Pas encore sortie|8
6229|Rupture de Stock|33
6230|Rupture de Stock|69
6231|Rupture de Stock|14
6232|Rupture de Stock|13
6233|Rupture de Stock|6
6234|Rupture de Stock|42
6235|Rupture de Stock|29
6236|Pas encore sortie|2
6237|Pas encore sortie|25
6238|Pas encore sortie|60
6239|Rupture de Stock|72
6240|Pas encore sortie|64
6241|Pas encore sortie|59
6242|Rupture de Stock|17
6243|Pas encore sortie|69
6244|Rupture de Stock|12
6245|Pas encore sortie|56
6246|Pas encore sortie|67
6247|Pas encore sortie|31
6248|Rupture de Stock|69
6249|Pas encore sortie|28
6250|Rupture de Stock|48
6251|Rupture de Stock|17
6252|Pas encore sortie|14
6253|Pas encore sortie|70
6254|Rupture de Stock|73
6255|Pas encore sortie|31
6256|Rupture de Stock|62
6257|Rupture de Stock|34
6258|Rupture de Stock|42
6259|Rupture de Stock|60
6260|Pas encore sortie|40
6261|Rupture de Stock|55
6262|Rupture de Stock|60
6263|Rupture de Stock|73
6264|Rupture de Stock|39
6265|Rupture de Stock|9
6266|Rupture de Stock|28
6267|Pas encore sortie|9
6268|Rupture de Stock|75
6269|Rupture de Stock|14
6270|Rupture de Stock|61
6271|Pas encore sortie|59
6272|Rupture de Stock|2
6273|Pas encore sortie|11
6274|Rupture de Stock|27
6275|Rupture de Stock|59
6276|Rupture de Stock|31
6277|Rupture de Stock|51
6278|Rupture de Stock|36
6279|Rupture de Stock|48
6280|Rupture de Stock|36
6281|Pas encore sortie|61
6282|Pas encore sortie|40
6283|Pas encore sortie|61
6284|Rupture de Stock|38
6285|Rupture de Stock|23
6286|Rupture de Stock|70
6287|Pas encore sortie|43
6288|Rupture de Stock|47
6289|Rupture de Stock|16
6290|Rupture de Stock|4
6291|Pas encore sortie|74
6292|Pas encore sortie|51
6293|Pas encore sortie|15
6294|Rupture de Stock|49
6295|Rupture de Stock|59
6296|Pas encore sortie|46
6297|Rupture de Stock|62
6298|Rupture de Stock|54
6299|Rupture de Stock|11
6300|Rupture de Stock|17
6301|Rupture de Stock|57
6302|Rupture de Stock|30
6303|Rupture de Stock|34
6304|Pas encore sortie|71
6305|Pas encore sortie|62
6306|Rupture de Stock|53
6307|Pas encore sortie|62
6308|Pas encore sortie|21
6309|Pas encore sortie|54
6310|Rupture de Stock|36
6311|Rupture de Stock|41
6312|Pas encore sortie|72
6313|Rupture de Stock|3
6314|Pas encore sortie|41
6315|Rupture de Stock|36
6316|Pas encore sortie|9
6317|Pas encore sortie|70
6318|Rupture de Stock|7
6319|Rupture de Stock|6
6320|Rupture de Stock|25
6321|Rupture de Stock|31
6322|Rupture de Stock|74
6323|Pas encore sortie|48
6324|Pas encore sortie|7
6325|Pas encore sortie|73
6326|Rupture de Stock|23
6327|Pas encore sortie|3
6328|Rupture de Stock|28
6329|Pas encore sortie|1
6330|Pas encore sortie|69
6331|Rupture de Stock|65
6332|Rupture de Stock|31
6333|Pas encore sortie|13
6334|Rupture de Stock|49
6335|Pas encore sortie|69
6336|Rupture de Stock|50
6337|Pas encore sortie|46
6338|Pas encore sortie|33
6339|Pas encore sortie|60
6340|Pas encore sortie|64
6341|Pas encore sortie|71
6342|Rupture de Stock|69
6343|Pas encore sortie|5
6344|Pas encore sortie|2
6345|Pas encore sortie|38
6346|Rupture de Stock|66
6347|Rupture de Stock|3
6348|Rupture de Stock|75
6349|Pas encore sortie|36
6350|Rupture de Stock|72
6351|Pas encore sortie|30
6352|Rupture de Stock|26
6353|Rupture de Stock|48
6354|Rupture de Stock|45
6355|Rupture de Stock|62
6356|Rupture de Stock|22
6357|Pas encore sortie|45
6358|Pas encore sortie|38
6359|Pas encore sortie|18
6360|Rupture de Stock|31
6361|Rupture de Stock|57
6362|Rupture de Stock|17
6363|Pas encore sortie|7
6364|Rupture de Stock|3
6365|Rupture de Stock|18
6366|Pas encore sortie|47
6367|Pas encore sortie|10
6368|Rupture de Stock|11
6369|Pas encore sortie|38
6370|Pas encore sortie|39
6371|Pas encore sortie|12
6372|Rupture de Stock|57
6373|Rupture de Stock|7
6374|Pas encore sortie|18
6375|Pas encore sortie|49
6376|Pas encore sortie|39
6377|Rupture de Stock|75
6378|Pas encore sortie|41
6379|Pas encore sortie|21
6380|Pas encore sortie|13
6381|Rupture de Stock|34
6382|Rupture de Stock|10
6383|Rupture de Stock|19
6384|Rupture de Stock|64
6385|Pas encore sortie|2
6386|Pas encore sortie|10
6387|Pas encore sortie|10
6388|Pas encore sortie|37
6389|Pas encore sortie|70
6390|Rupture de Stock|73
6391|Rupture de Stock|37
6392|Pas encore sortie|67
6393|Rupture de Stock|57
6394|Rupture de Stock|62
6395|Pas encore sortie|65
6396|Pas encore sortie|35
6397|Pas encore sortie|33
6398|Pas encore sortie|41
6399|Pas encore sortie|71
6400|Rupture de Stock|70
6401|Pas encore sortie|44
6402|Pas encore sortie|23
6403|Pas encore sortie|53
6404|Pas encore sortie|41
6405|Rupture de Stock|11
6406|Pas encore sortie|42
6407|Pas encore sortie|42
6408|Rupture de Stock|45
6409|Rupture de Stock|26
6410|Pas encore sortie|72
6411|Rupture de Stock|25
6412|Pas encore sortie|35
6413|Pas encore sortie|59
6414|Pas encore sortie|23
6415|Rupture de Stock|10
6416|Pas encore sortie|54
6417|Pas encore sortie|34
6418|Pas encore sortie|23
6419|Rupture de Stock|7
6420|Rupture de Stock|9
6421|Rupture de Stock|48
6422|Pas encore sortie|32
6423|Pas encore sortie|22
6424|Pas encore sortie|44
6425|Rupture de Stock|71
6426|Pas encore sortie|34
6427|Rupture de Stock|63
6428|Rupture de Stock|61
6429|Pas encore sortie|32
6430|Rupture de Stock|34
6431|Pas encore sortie|44
6432|Pas encore sortie|72
6433|Rupture de Stock|2
6434|Rupture de Stock|27
6435|Pas encore sortie|19
6436|Pas encore sortie|73
6437|Pas encore sortie|54
6438|Pas encore sortie|12
6439|Rupture de Stock|57
6440|Rupture de Stock|47
6441|Rupture de Stock|25
6442|Rupture de Stock|35
6443|Pas encore sortie|26
6444|Pas encore sortie|37
6445|Rupture de Stock|53
6446|Rupture de Stock|58
6447|Pas encore sortie|3
6448|Pas encore sortie|21
6449|Rupture de Stock|4
6450|Pas encore sortie|34
6451|Rupture de Stock|5
6452|Pas encore sortie|7
6453|Pas encore sortie|51
6454|Pas encore sortie|75
6455|Rupture de Stock|26
6456|Rupture de Stock|9
6457|Pas encore sortie|70
6458|Pas encore sortie|55
6459|Rupture de Stock|47
6460|Pas encore sortie|43
6461|Pas encore sortie|2
6462|Rupture de Stock|53
6463|Rupture de Stock|62
6464|Rupture de Stock|16
6465|Pas encore sortie|56
6466|Rupture de Stock|65
6467|Pas encore sortie|50
6468|Rupture de Stock|32
6469|Pas encore sortie|58
6470|Pas encore sortie|61
6471|Rupture de Stock|37
6472|Rupture de Stock|7
6473|Pas encore sortie|48
6474|Pas encore sortie|9
6475|Pas encore sortie|58
6476|Pas encore sortie|19
6477|Pas encore sortie|7
6478|Rupture de Stock|75
6479|Rupture de Stock|40
6480|Rupture de Stock|59
6481|Rupture de Stock|46
6482|Rupture de Stock|60
6483|Rupture de Stock|60
6484|Pas encore sortie|41
6485|Pas encore sortie|58
6486|Pas encore sortie|28
6487|Pas encore sortie|37
6488|Rupture de Stock|1
6489|Rupture de Stock|39
6490|Pas encore sortie|14
6491|Pas encore sortie|14
6492|Pas encore sortie|27
6493|Pas encore sortie|20
6494|Pas encore sortie|43
6495|Rupture de Stock|18
6496|Rupture de Stock|55
6497|Pas encore sortie|70
6498|Pas encore sortie|35
6499|Rupture de Stock|34
6500|Pas encore sortie|19
6501|Pas encore sortie|38
6502|Rupture de Stock|38
6503|Rupture de Stock|46
6504|Pas encore sortie|55
6505|Pas encore sortie|41
6506|Pas encore sortie|48
6507|Pas encore sortie|20
6508|Pas encore sortie|38
6509|Rupture de Stock|38
6510|Pas encore sortie|4
6511|Pas encore sortie|18
6512|Pas encore sortie|67
6513|Pas encore sortie|65
6514|Pas encore sortie|74
6515|Rupture de Stock|37
6516|Rupture de Stock|20
6517|Pas encore sortie|73
6518|Pas encore sortie|17
6519|Pas encore sortie|74
6520|Pas encore sortie|37
6521|Pas encore sortie|35
6522|Pas encore sortie|41
6523|Rupture de Stock|62
6524|Rupture de Stock|3
6525|Rupture de Stock|11
6526|Pas encore sortie|35
6527|Pas encore sortie|11
6528|Pas encore sortie|50
6529|Rupture de Stock|7
6530|Rupture de Stock|6
6531|Pas encore sortie|2
6532|Pas encore sortie|68
6533|Pas encore sortie|36
6534|Pas encore sortie|61
6535|Pas encore sortie|45
6536|Rupture de Stock|33
6537|Pas encore sortie|46
6538|Pas encore sortie|49
6539|Pas encore sortie|62
6540|Pas encore sortie|43
6541|Pas encore sortie|21
6542|Rupture de Stock|5
6543|Rupture de Stock|31
6544|Rupture de Stock|51
6545|Pas encore sortie|22
6546|Pas encore sortie|68
6547|Rupture de Stock|22
6548|Rupture de Stock|37
6549|Rupture de Stock|62
6550|Rupture de Stock|46
6551|Pas encore sortie|9
6552|Pas encore sortie|26
6553|Pas encore sortie|43
6554|Rupture de Stock|72
6555|Rupture de Stock|57
6556|Rupture de Stock|30
6557|Rupture de Stock|34
6558|Rupture de Stock|31
6559|Rupture de Stock|3
6560|Rupture de Stock|45
6561|Pas encore sortie|51
6562|Rupture de Stock|64
6563|Rupture de Stock|2
6564|Rupture de Stock|26
6565|Pas encore sortie|24
6566|Pas encore sortie|7
6567|Rupture de Stock|51
6568|Rupture de Stock|58
6569|Rupture de Stock|75
6570|Rupture de Stock|6
6571|Pas encore sortie|36
6572|Pas encore sortie|64
6573|Rupture de Stock|1
6574|Pas encore sortie|22
6575|Rupture de Stock|9
6576|Rupture de Stock|60
6577|Rupture de Stock|14
6578|Pas encore sortie|65
6579|Rupture de Stock|8
6580|Rupture de Stock|16
6581|Pas encore sortie|29
6582|Rupture de Stock|62
6583|Rupture de Stock|18
6584|Pas encore sortie|40
6585|Pas encore sortie|32
6586|Rupture de Stock|41
6587|Rupture de Stock|6
6588|Pas encore sortie|62
6589|Pas encore sortie|61
6590|Pas encore sortie|6
6591|Pas encore sortie|16
6592|Rupture de Stock|47
6593|Pas encore sortie|52
6594|Rupture de Stock|11
6595|Pas encore sortie|39
6596|Rupture de Stock|10
6597|Pas encore sortie|39
6598|Rupture de Stock|22
6599|Pas encore sortie|12
6600|Pas encore sortie|44
6601|Rupture de Stock|27
6602|Rupture de Stock|27
6603|Rupture de Stock|51
6604|Pas encore sortie|14
6605|Rupture de Stock|6
6606|Pas encore sortie|8
6607|Pas encore sortie|60
6608|Pas encore sortie|33
6609|Pas encore sortie|14
6610|Pas encore sortie|26
6611|Pas encore sortie|44
6612|Pas encore sortie|72
6613|Rupture de Stock|65
6614|Rupture de Stock|25
6615|Rupture de Stock|24
6616|Rupture de Stock|10
6617|Rupture de Stock|29
6618|Rupture de Stock|10
6619|Rupture de Stock|8
6620|Rupture de Stock|14
6621|Pas encore sortie|61
6622|Pas encore sortie|50
6623|Rupture de Stock|45
6624|Rupture de Stock|31
6625|Rupture de Stock|46
6626|Pas encore sortie|74
6627|Rupture de Stock|14
6628|Rupture de Stock|21
6629|Rupture de Stock|56
6630|Rupture de Stock|69
6631|Rupture de Stock|5
6632|Rupture de Stock|40
6633|Rupture de Stock|50
6634|Rupture de Stock|27
6635|Pas encore sortie|28
6636|Rupture de Stock|59
6637|Rupture de Stock|9
6638|Pas encore sortie|15
6639|Pas encore sortie|70
6640|Pas encore sortie|36
6641|Pas encore sortie|49
6642|Pas encore sortie|8
6643|Rupture de Stock|49
6644|Pas encore sortie|35
6645|Rupture de Stock|34
6646|Rupture de Stock|38
6647|Pas encore sortie|29
6648|Rupture de Stock|46
6649|Rupture de Stock|40
6650|Rupture de Stock|11
6651|Rupture de Stock|46
6652|Pas encore sortie|61
6653|Rupture de Stock|43
6654|Rupture de Stock|41
6655|Pas encore sortie|44
6656|Rupture de Stock|29
6657|Rupture de Stock|8
6658|Pas encore sortie|10
6659|Pas encore sortie|67
6660|Rupture de Stock|55
6661|Rupture de Stock|20
6662|Rupture de Stock|35
6663|Rupture de Stock|18
6664|Rupture de Stock|25
6665|Rupture de Stock|41
6666|Rupture de Stock|46
6667|Rupture de Stock|68
6668|Rupture de Stock|32
6669|Rupture de Stock|71
6670|Rupture de Stock|59
6671|Pas encore sortie|42
6672|Pas encore sortie|23
6673|Rupture de Stock|36
6674|Pas encore sortie|50
6675|Pas encore sortie|41
6676|Pas encore sortie|58
6677|Pas encore sortie|19
6678|Rupture de Stock|73
6679|Pas encore sortie|32
6680|Pas encore sortie|54
6681|Pas encore sortie|2
6682|Pas encore sortie|28
6683|Rupture de Stock|70
6684|Rupture de Stock|73
6685|Pas encore sortie|52
6686|Rupture de Stock|27
6687|Rupture de Stock|21
6688|Pas encore sortie|28
6689|Rupture de Stock|5
6690|Pas encore sortie|65
6691|Pas encore sortie|15
6692|Rupture de Stock|68
6693|Pas encore sortie|27
6694|Pas encore sortie|55
6695|Rupture de Stock|49
6696|Rupture de Stock|24
6697|Pas encore sortie|53
6698|Rupture de Stock|72
6699|Pas encore sortie|20
6700|Pas encore sortie|24
6701|Rupture de Stock|60
6702|Rupture de Stock|32
6703|Pas encore sortie|17
6704|Rupture de Stock|53
6705|Pas encore sortie|25
6706|Rupture de Stock|60
6707|Rupture de Stock|21
6708|Rupture de Stock|75
6709|Pas encore sortie|3
6710|Pas encore sortie|43
6711|Rupture de Stock|55
6712|Rupture de Stock|75
6713|Rupture de Stock|29
6714|Rupture de Stock|13
6715|Rupture de Stock|60
6716|Pas encore sortie|10
6717|Rupture de Stock|62
6718|Pas encore sortie|64
6719|Rupture de Stock|65
6720|Rupture de Stock|29
6721|Pas encore sortie|9
6722|Pas encore sortie|65
6723|Pas encore sortie|44
6724|Pas encore sortie|15
6725|Pas encore sortie|56
6726|Pas encore sortie|65
6727|Rupture de Stock|55
6728|Rupture de Stock|72
6729|Rupture de Stock|51
6730|Rupture de Stock|12
6731|Pas encore sortie|11
6732|Pas encore sortie|16
6733|Pas encore sortie|4
6734|Pas encore sortie|29
6735|Rupture de Stock|63
6736|Rupture de Stock|44
6737|Pas encore sortie|58
6738|Pas encore sortie|67
6739|Pas encore sortie|60
6740|Pas encore sortie|21
6741|Pas encore sortie|74
6742|Rupture de Stock|45
6743|Pas encore sortie|64
6744|Rupture de Stock|44
6745|Rupture de Stock|73
6746|Pas encore sortie|33
6747|Rupture de Stock|24
6748|Rupture de Stock|28
6749|Pas encore sortie|43
6750|Pas encore sortie|75
6751|Rupture de Stock|30
6752|Rupture de Stock|67
6753|Pas encore sortie|37
6754|Pas encore sortie|44
6755|Pas encore sortie|59
6756|Pas encore sortie|40
6757|Pas encore sortie|33
6758|Pas encore sortie|73
6759|Rupture de Stock|34
6760|Pas encore sortie|38
6761|Pas encore sortie|2
6762|Rupture de Stock|61
6763|Pas encore sortie|67
6764|Pas encore sortie|75
6765|Pas encore sortie|22
6766|Pas encore sortie|57
6767|Pas encore sortie|6
6768|Rupture de Stock|75
6769|Rupture de Stock|6
6770|Pas encore sortie|12
6771|Rupture de Stock|69
6772|Rupture de Stock|75
6773|Pas encore sortie|62
6774|Rupture de Stock|30
6775|Pas encore sortie|41
6776|Pas encore sortie|61
6777|Pas encore sortie|55
6778|Pas encore sortie|6
6779|Pas encore sortie|54
6780|Rupture de Stock|8
6781|Pas encore sortie|16
6782|Pas encore sortie|23
6783|Rupture de Stock|57
6784|Rupture de Stock|22
6785|Pas encore sortie|23
6786|Rupture de Stock|25
6787|Rupture de Stock|19
6788|Pas encore sortie|25
6789|Pas encore sortie|39
6790|Pas encore sortie|38
6791|Pas encore sortie|17
6792|Rupture de Stock|24
6793|Rupture de Stock|6
6794|Rupture de Stock|47
6795|Rupture de Stock|19
6796|Pas encore sortie|17
6797|Pas encore sortie|11
6798|Rupture de Stock|17
6799|Rupture de Stock|15
6800|Rupture de Stock|35
6801|Rupture de Stock|67
6802|Rupture de Stock|29
6803|Rupture de Stock|49
6804|Rupture de Stock|30
6805|Pas encore sortie|67
6806|Pas encore sortie|72
6807|Pas encore sortie|43
6808|Rupture de Stock|58
6809|Rupture de Stock|42
6810|Rupture de Stock|63
6811|Pas encore sortie|69
6812|Pas encore sortie|44
6813|Rupture de Stock|13
6814|Rupture de Stock|54
6815|Pas encore sortie|51
6816|Pas encore sortie|56
6817|Pas encore sortie|36
6818|Pas encore sortie|19
6819|Pas encore sortie|44
6820|Rupture de Stock|23
6821|Rupture de Stock|67
6822|Pas encore sortie|66
6823|Pas encore sortie|57
6824|Rupture de Stock|50
6825|Rupture de Stock|69
6826|Rupture de Stock|15
6827|Rupture de Stock|55
6828|Rupture de Stock|70
6829|Pas encore sortie|30
6830|Pas encore sortie|46
6831|Rupture de Stock|66
6832|Pas encore sortie|43
6833|Rupture de Stock|67
6834|Pas encore sortie|52
6835|Rupture de Stock|26
6836|Pas encore sortie|35
6837|Pas encore sortie|59
6838|Rupture de Stock|65
6839|Pas encore sortie|66
6840|Pas encore sortie|67
6841|Pas encore sortie|13
6842|Rupture de Stock|5
6843|Rupture de Stock|8
6844|Pas encore sortie|44
6845|Rupture de Stock|35
6846|Rupture de Stock|61
6847|Pas encore sortie|53
6848|Rupture de Stock|62
6849|Rupture de Stock|47
6850|Pas encore sortie|25
6851|Rupture de Stock|44
6852|Rupture de Stock|19
6853|Rupture de Stock|73
6854|Rupture de Stock|29
6855|Rupture de Stock|49
6856|Rupture de Stock|21
6857|Pas encore sortie|58
6858|Pas encore sortie|50
6859|Pas encore sortie|58
6860|Rupture de Stock|43
6861|Rupture de Stock|49
6862|Pas encore sortie|1
6863|Rupture de Stock|1
6864|Rupture de Stock|37
6865|Rupture de Stock|43
6866|Pas encore sortie|56
6867|Rupture de Stock|52
6868|Rupture de Stock|75
6869|Pas encore sortie|64
6870|Pas encore sortie|10
6871|Rupture de Stock|68
6872|Pas encore sortie|61
6873|Pas encore sortie|2
6874|Rupture de Stock|59
6875|Pas encore sortie|24
6876|Rupture de Stock|13
6877|Pas encore sortie|9
6878|Pas encore sortie|7
6879|Pas encore sortie|65
6880|Rupture de Stock|55
6881|Pas encore sortie|40
6882|Pas encore sortie|19
6883|Rupture de Stock|12
6884|Rupture de Stock|66
6885|Rupture de Stock|55
6886|Rupture de Stock|38
6887|Rupture de Stock|48
6888|Pas encore sortie|74
6889|Pas encore sortie|48
6890|Pas encore sortie|9
6891|Rupture de Stock|31
6892|Pas encore sortie|26
6893|Rupture de Stock|65
6894|Pas encore sortie|13
6895|Pas encore sortie|34
6896|Rupture de Stock|13
6897|Pas encore sortie|21
6898|Rupture de Stock|13
6899|Pas encore sortie|63
6900|Rupture de Stock|40
6901|Rupture de Stock|13
6902|Pas encore sortie|19
6903|Rupture de Stock|15
6904|Pas encore sortie|65
6905|Pas encore sortie|48
6906|Pas encore sortie|44
6907|Rupture de Stock|8
6908|Pas encore sortie|27
6909|Rupture de Stock|59
6910|Rupture de Stock|13
6911|Rupture de Stock|40
6912|Pas encore sortie|54
6913|Rupture de Stock|63
6914|Rupture de Stock|39
6915|Rupture de Stock|37
6916|Rupture de Stock|44
6917|Rupture de Stock|10
6918|Rupture de Stock|53
6919|Pas encore sortie|61
6920|Rupture de Stock|47
6921|Rupture de Stock|65
6922|Pas encore sortie|68
6923|Pas encore sortie|15
6924|Rupture de Stock|39
6925|Rupture de Stock|36
6926|Rupture de Stock|66
6927|Rupture de Stock|4
6928|Pas encore sortie|26
6929|Pas encore sortie|68
6930|Rupture de Stock|2
6931|Rupture de Stock|43
6932|Pas encore sortie|51
6933|Pas encore sortie|68
6934|Rupture de Stock|13
6935|Pas encore sortie|57
6936|Rupture de Stock|56
6937|Pas encore sortie|68
6938|Rupture de Stock|45
6939|Rupture de Stock|69
6940|Rupture de Stock|14
6941|Pas encore sortie|41
6942|Pas encore sortie|34
6943|Rupture de Stock|35
6944|Pas encore sortie|35
6945|Rupture de Stock|29
6946|Rupture de Stock|27
6947|Rupture de Stock|53
6948|Rupture de Stock|34
6949|Rupture de Stock|64
6950|Rupture de Stock|9
6951|Pas encore sortie|63
6952|Rupture de Stock|66
6953|Pas encore sortie|18
6954|Rupture de Stock|1
6955|Rupture de Stock|67
6956|Rupture de Stock|75
6957|Rupture de Stock|71
6958|Rupture de Stock|38
6959|Pas encore sortie|60
6960|Pas encore sortie|59
6961|Pas encore sortie|67
6962|Pas encore sortie|1
6963|Pas encore sortie|5
6964|Pas encore sortie|19
6965|Rupture de Stock|11
6966|Pas encore sortie|62
6967|Rupture de Stock|65
6968|Rupture de Stock|52
6969|Rupture de Stock|42
6970|Rupture de Stock|15
6971|Pas encore sortie|41
6972|Rupture de Stock|12
6973|Pas encore sortie|72
6974|Pas encore sortie|12
6975|Pas encore sortie|39
6976|Rupture de Stock|49
6977|Pas encore sortie|66
6978|Pas encore sortie|61
6979|Pas encore sortie|75
6980|Rupture de Stock|70
6981|Pas encore sortie|5
6982|Pas encore sortie|70
6983|Rupture de Stock|74
6984|Pas encore sortie|24
6985|Pas encore sortie|44
6986|Pas encore sortie|61
6987|Rupture de Stock|39
6988|Rupture de Stock|42
6989|Pas encore sortie|9
6990|Pas encore sortie|14
6991|Rupture de Stock|34
6992|Rupture de Stock|69
6993|Pas encore sortie|44
6994|Rupture de Stock|43
6995|Pas encore sortie|41
6996|Rupture de Stock|5
6997|Pas encore sortie|19
6998|Pas encore sortie|69
6999|Rupture de Stock|20
7000|Rupture de Stock|4
7001|Rupture de Stock|33
7002|Pas encore sortie|40
7003|Pas encore sortie|67
7004|Pas encore sortie|24
7005|Pas encore sortie|57
7006|Pas encore sortie|2
7007|Rupture de Stock|49
7008|Pas encore sortie|45
7009|Pas encore sortie|14
7010|Rupture de Stock|54
7011|Pas encore sortie|56
7012|Pas encore sortie|45
7013|Rupture de Stock|53
7014|Rupture de Stock|26
7015|Rupture de Stock|40
7016|Rupture de Stock|41
7017|Pas encore sortie|34
7018|Pas encore sortie|12
7019|Pas encore sortie|74
7020|Pas encore sortie|1
7021|Pas encore sortie|29
7022|Pas encore sortie|55
7023|Pas encore sortie|13
7024|Rupture de Stock|63
7025|Rupture de Stock|21
7026|Rupture de Stock|59
7027|Rupture de Stock|55
7028|Rupture de Stock|67
7029|Pas encore sortie|5
7030|Pas encore sortie|64
7031|Rupture de Stock|40
7032|Pas encore sortie|14
7033|Pas encore sortie|56
7034|Rupture de Stock|62
7035|Pas encore sortie|29
7036|Rupture de Stock|60
7037|Pas encore sortie|55
7038|Pas encore sortie|42
7039|Pas encore sortie|12
7040|Rupture de Stock|26
7041|Pas encore sortie|20
7042|Pas encore sortie|68
7043|Pas encore sortie|63
7044|Rupture de Stock|18
7045|Rupture de Stock|58
7046|Rupture de Stock|67
7047|Pas encore sortie|63
7048|Rupture de Stock|51
7049|Pas encore sortie|65
7050|Pas encore sortie|36
7051|Rupture de Stock|32
7052|Rupture de Stock|1
7053|Rupture de Stock|7
7054|Pas encore sortie|36
7055|Rupture de Stock|31
7056|Rupture de Stock|69
7057|Pas encore sortie|67
7058|Pas encore sortie|16
7059|Rupture de Stock|45
7060|Rupture de Stock|49
7061|Rupture de Stock|8
7062|Rupture de Stock|43
7063|Rupture de Stock|12
7064|Rupture de Stock|41
7065|Rupture de Stock|6
7066|Rupture de Stock|13
7067|Pas encore sortie|45
7068|Pas encore sortie|35
7069|Rupture de Stock|21
7070|Rupture de Stock|9
7071|Rupture de Stock|26
7072|Rupture de Stock|62
7073|Pas encore sortie|28
7074|Rupture de Stock|35
7075|Pas encore sortie|17
7076|Rupture de Stock|35
7077|Rupture de Stock|6
7078|Pas encore sortie|46
7079|Pas encore sortie|7
7080|Pas encore sortie|11
7081|Pas encore sortie|34
7082|Pas encore sortie|26
7083|Rupture de Stock|41
7084|Rupture de Stock|43
7085|Pas encore sortie|21
7086|Rupture de Stock|54
7087|Rupture de Stock|43
7088|Pas encore sortie|37
7089|Pas encore sortie|14
7090|Rupture de Stock|36
7091|Pas encore sortie|9
7092|Rupture de Stock|16
7093|Pas encore sortie|48
7094|Pas encore sortie|23
7095|Pas encore sortie|6
7096|Pas encore sortie|44
7097|Pas encore sortie|13
7098|Rupture de Stock|71
7099|Pas encore sortie|11
7100|Rupture de Stock|73
7101|Pas encore sortie|3
7102|Pas encore sortie|15
7103|Pas encore sortie|13
7104|Rupture de Stock|69
7105|Pas encore sortie|64
7106|Rupture de Stock|66
7107|Rupture de Stock|13
7108|Pas encore sortie|45
7109|Pas encore sortie|72
7110|Rupture de Stock|24
7111|Pas encore sortie|38
7112|Pas encore sortie|37
7113|Rupture de Stock|48
7114|Rupture de Stock|54
7115|Pas encore sortie|50
7116|Pas encore sortie|52
7117|Rupture de Stock|42
7118|Rupture de Stock|14
7119|Rupture de Stock|33
7120|Pas encore sortie|42
7121|Rupture de Stock|60
7122|Pas encore sortie|58
7123|Rupture de Stock|45
7124|Pas encore sortie|25
7125|Rupture de Stock|18
7126|Pas encore sortie|23
7127|Rupture de Stock|13
7128|Rupture de Stock|66
7129|Pas encore sortie|46
7130|Pas encore sortie|40
7131|Rupture de Stock|12
7132|Rupture de Stock|22
7133|Pas encore sortie|34
7134|Pas encore sortie|62
7135|Rupture de Stock|61
7136|Pas encore sortie|33
7137|Pas encore sortie|25
7138|Rupture de Stock|26
7139|Pas encore sortie|72
7140|Pas encore sortie|61
7141|Pas encore sortie|72
7142|Pas encore sortie|24
7143|Pas encore sortie|57
7144|Pas encore sortie|52
7145|Pas encore sortie|35
7146|Pas encore sortie|7
7147|Pas encore sortie|21
7148|Pas encore sortie|75
7149|Rupture de Stock|27
7150|Rupture de Stock|15
7151|Pas encore sortie|42
7152|Pas encore sortie|5
7153|Pas encore sortie|22
7154|Pas encore sortie|3
7155|Pas encore sortie|65
7156|Pas encore sortie|17
7157|Rupture de Stock|65
7158|Pas encore sortie|29
7159|Pas encore sortie|15
7160|Pas encore sortie|3
7161|Rupture de Stock|29
7162|Rupture de Stock|3
7163|Pas encore sortie|75
7164|Rupture de Stock|32
7165|Rupture de Stock|5
7166|Pas encore sortie|22
7167|Pas encore sortie|42
7168|Rupture de Stock|3
7169|Rupture de Stock|30
7170|Rupture de Stock|32
7171|Pas encore sortie|64
7172|Pas encore sortie|70
7173|Rupture de Stock|26
7174|Rupture de Stock|12
7175|Pas encore sortie|24
7176|Pas encore sortie|25
7177|Rupture de Stock|41
7178|Rupture de Stock|27
7179|Rupture de Stock|29
7180|Pas encore sortie|32
7181|Pas encore sortie|71
7182|Rupture de Stock|68
7183|Rupture de Stock|62
7184|Rupture de Stock|49
7185|Rupture de Stock|21
7186|Rupture de Stock|44
7187|Pas encore sortie|15
7188|Pas encore sortie|26
7189|Rupture de Stock|64
7190|Pas encore sortie|27
7191|Pas encore sortie|25
7192|Rupture de Stock|73
7193|Pas encore sortie|15
7194|Rupture de Stock|35
7195|Rupture de Stock|58
7196|Pas encore sortie|64
7197|Rupture de Stock|72
7198|Pas encore sortie|1
7199|Pas encore sortie|25
7200|Rupture de Stock|75
7201|Rupture de Stock|5
7202|Pas encore sortie|32
7203|Pas encore sortie|38
7204|Rupture de Stock|66
7205|Rupture de Stock|29
7206|Rupture de Stock|4
7207|Rupture de Stock|6
7208|Rupture de Stock|60
7209|Pas encore sortie|56
7210|Pas encore sortie|37
7211|Rupture de Stock|58
7212|Pas encore sortie|60
7213|Rupture de Stock|69
7214|Rupture de Stock|44
7215|Rupture de Stock|39
7216|Rupture de Stock|43
7217|Rupture de Stock|72
7218|Rupture de Stock|28
7219|Pas encore sortie|48
7220|Rupture de Stock|74
7221|Rupture de Stock|38
7222|Pas encore sortie|14
7223|Pas encore sortie|54
7224|Rupture de Stock|53
7225|Pas encore sortie|54
7226|Pas encore sortie|66
7227|Rupture de Stock|21
7228|Pas encore sortie|44
7229|Pas encore sortie|33
7230|Rupture de Stock|24
7231|Pas encore sortie|27
7232|Rupture de Stock|74
7233|Rupture de Stock|32
7234|Pas encore sortie|34
7235|Pas encore sortie|36
7236|Pas encore sortie|4
7237|Rupture de Stock|43
7238|Rupture de Stock|22
7239|Rupture de Stock|65
7240|Rupture de Stock|51
7241|Rupture de Stock|19
7242|Pas encore sortie|2
7243|Rupture de Stock|37
7244|Pas encore sortie|60
7245|Pas encore sortie|44
7246|Pas encore sortie|54
7247|Rupture de Stock|13
7248|Rupture de Stock|2
7249|Pas encore sortie|40
7250|Pas encore sortie|49
7251|Pas encore sortie|64
7252|Pas encore sortie|17
7253|Rupture de Stock|53
7254|Rupture de Stock|75
7255|Pas encore sortie|34
7256|Rupture de Stock|32
7257|Rupture de Stock|15
7258|Rupture de Stock|70
7259|Pas encore sortie|4
7260|Pas encore sortie|17
7261|Rupture de Stock|44
7262|Pas encore sortie|63
7263|Pas encore sortie|41
7264|Pas encore sortie|3
7265|Rupture de Stock|6
7266|Pas encore sortie|37
7267|Rupture de Stock|22
7268|Rupture de Stock|19
7269|Rupture de Stock|61
7270|Pas encore sortie|46
7271|Rupture de Stock|68
7272|Pas encore sortie|71
7273|Rupture de Stock|47
7274|Pas encore sortie|74
7275|Pas encore sortie|58
7276|Pas encore sortie|43
7277|Pas encore sortie|72
7278|Rupture de Stock|25
7279|Rupture de Stock|44
7280|Pas encore sortie|27
7281|Rupture de Stock|30
7282|Pas encore sortie|12
7283|Rupture de Stock|3
7284|Rupture de Stock|57
7285|Pas encore sortie|45
7286|Rupture de Stock|7
7287|Pas encore sortie|15
7288|Rupture de Stock|62
7289|Pas encore sortie|31
7290|Pas encore sortie|52
7291|Rupture de Stock|67
7292|Rupture de Stock|67
7293|Rupture de Stock|57
7294|Pas encore sortie|70
7295|Rupture de Stock|59
7296|Pas encore sortie|6
7297|Rupture de Stock|22
7298|Pas encore sortie|28
7299|Pas encore sortie|67
7300|Rupture de Stock|53
7301|Rupture de Stock|58
7302|Pas encore sortie|70
7303|Pas encore sortie|14
7304|Pas encore sortie|13
7305|Rupture de Stock|8
7306|Pas encore sortie|74
7307|Pas encore sortie|50
7308|Pas encore sortie|62
7309|Pas encore sortie|62
7310|Rupture de Stock|19
7311|Rupture de Stock|64
7312|Rupture de Stock|64
7313|Pas encore sortie|16
7314|Pas encore sortie|8
7315|Rupture de Stock|40
7316|Pas encore sortie|6
7317|Rupture de Stock|62
7318|Pas encore sortie|54
7319|Rupture de Stock|56
7320|Pas encore sortie|67
7321|Pas encore sortie|22
7322|Pas encore sortie|11
7323|Pas encore sortie|56
7324|Pas encore sortie|30
7325|Pas encore sortie|19
7326|Pas encore sortie|63
7327|Pas encore sortie|16
7328|Rupture de Stock|70
7329|Pas encore sortie|46
7330|Rupture de Stock|2
7331|Pas encore sortie|24
7332|Rupture de Stock|11
7333|Pas encore sortie|69
7334|Rupture de Stock|56
7335|Pas encore sortie|21
7336|Rupture de Stock|23
7337|Rupture de Stock|5
7338|Pas encore sortie|21
7339|Rupture de Stock|35
7340|Pas encore sortie|56
7341|Pas encore sortie|61
7342|Pas encore sortie|47
7343|Rupture de Stock|56
7344|Pas encore sortie|2
7345|Rupture de Stock|32
7346|Rupture de Stock|24
7347|Rupture de Stock|55
7348|Pas encore sortie|72
7349|Pas encore sortie|48
7350|Pas encore sortie|50
7351|Rupture de Stock|37
7352|Rupture de Stock|26
7353|Rupture de Stock|57
7354|Rupture de Stock|67
7355|Pas encore sortie|15
7356|Rupture de Stock|61
7357|Rupture de Stock|59
7358|Pas encore sortie|6
7359|Pas encore sortie|71
7360|Pas encore sortie|25
7361|Pas encore sortie|13
7362|Pas encore sortie|74
7363|Pas encore sortie|31
7364|Rupture de Stock|60
7365|Pas encore sortie|17
7366|Rupture de Stock|11
7367|Pas encore sortie|14
7368|Pas encore sortie|36
7369|Pas encore sortie|41
7370|Rupture de Stock|19
7371|Rupture de Stock|51
7372|Pas encore sortie|35
7373|Pas encore sortie|73
7374|Rupture de Stock|10
7375|Pas encore sortie|1
7376|Rupture de Stock|63
7377|Pas encore sortie|6
7378|Pas encore sortie|24
7379|Rupture de Stock|54
7380|Pas encore sortie|3
7381|Pas encore sortie|63
7382|Rupture de Stock|47
7383|Rupture de Stock|6
7384|Pas encore sortie|67
7385|Pas encore sortie|63
7386|Pas encore sortie|32
7387|Rupture de Stock|49
7388|Rupture de Stock|49
7389|Pas encore sortie|11
7390|Pas encore sortie|40
7391|Rupture de Stock|23
7392|Rupture de Stock|13
7393|Pas encore sortie|45
7394|Pas encore sortie|23
7395|Pas encore sortie|47
7396|Pas encore sortie|23
7397|Pas encore sortie|17
7398|Pas encore sortie|58
7399|Rupture de Stock|8
7400|Rupture de Stock|62
7401|Rupture de Stock|1
7402|Pas encore sortie|24
7403|Pas encore sortie|43
7404|Pas encore sortie|29
7405|Pas encore sortie|67
7406|Rupture de Stock|53
7407|Pas encore sortie|66
7408|Pas encore sortie|21
7409|Rupture de Stock|65
7410|Rupture de Stock|2
7411|Rupture de Stock|58
7412|Pas encore sortie|57
7413|Pas encore sortie|2
7414|Pas encore sortie|47
7415|Rupture de Stock|9
7416|Pas encore sortie|29
7417|Rupture de Stock|8
7418|Rupture de Stock|23
7419|Pas encore sortie|9
7420|Pas encore sortie|55
7421|Pas encore sortie|40
7422|Pas encore sortie|71
7423|Rupture de Stock|53
7424|Pas encore sortie|38
7425|Rupture de Stock|70
7426|Pas encore sortie|59
7427|Rupture de Stock|19
7428|Pas encore sortie|36
7429|Pas encore sortie|63
7430|Pas encore sortie|34
7431|Pas encore sortie|47
7432|Pas encore sortie|35
7433|Pas encore sortie|58
7434|Rupture de Stock|19
7435|Rupture de Stock|30
7436|Pas encore sortie|26
7437|Pas encore sortie|51
7438|Rupture de Stock|10
7439|Pas encore sortie|71
7440|Pas encore sortie|23
7441|Rupture de Stock|67
7442|Pas encore sortie|52
7443|Pas encore sortie|16
7444|Pas encore sortie|70
7445|Pas encore sortie|9
7446|Rupture de Stock|6
7447|Pas encore sortie|45
7448|Rupture de Stock|14
7449|Pas encore sortie|41
7450|Pas encore sortie|61
7451|Pas encore sortie|64
7452|Rupture de Stock|55
7453|Pas encore sortie|40
7454|Pas encore sortie|56
7455|Pas encore sortie|53
7456|Rupture de Stock|21
7457|Rupture de Stock|67
7458|Pas encore sortie|34
7459|Pas encore sortie|4
7460|Rupture de Stock|51
7461|Pas encore sortie|24
7462|Rupture de Stock|51
7463|Rupture de Stock|12
7464|Rupture de Stock|54
7465|Pas encore sortie|15
7466|Pas encore sortie|62
7467|Rupture de Stock|52
7468|Rupture de Stock|70
7469|Rupture de Stock|68
7470|Rupture de Stock|64
7471|Pas encore sortie|59
7472|Rupture de Stock|12
7473|Rupture de Stock|69
7474|Rupture de Stock|15
7475|Rupture de Stock|46
7476|Rupture de Stock|12
7477|Pas encore sortie|53
7478|Pas encore sortie|62
7479|Rupture de Stock|62
7480|Rupture de Stock|62
7481|Pas encore sortie|55
7482|Rupture de Stock|31
7483|Pas encore sortie|2
7484|Pas encore sortie|11
7485|Pas encore sortie|16
7486|Rupture de Stock|58
7487|Pas encore sortie|22
7488|Pas encore sortie|6
7489|Pas encore sortie|6
7490|Pas encore sortie|57
7491|Pas encore sortie|21
7492|Pas encore sortie|17
7493|Pas encore sortie|7
7494|Rupture de Stock|40
7495|Rupture de Stock|14
7496|Pas encore sortie|61
7497|Rupture de Stock|31
7498|Pas encore sortie|31
7499|Pas encore sortie|56
7500|Pas encore sortie|60
7501|Rupture de Stock|15
7502|Rupture de Stock|6
7503|Rupture de Stock|10
7504|Rupture de Stock|24
7505|Rupture de Stock|63
7506|Rupture de Stock|55
7507|Rupture de Stock|51
7508|Rupture de Stock|49
7509|Rupture de Stock|53
7510|Rupture de Stock|42
7511|Pas encore sortie|54
7512|Pas encore sortie|50
7513|Rupture de Stock|4
7514|Pas encore sortie|37
7515|Pas encore sortie|11
